ID,season,yr,mnth,holiday,weekday,workingday,weathersit,temp,hum,windspeed,days_since_2011,cnt
1,WINTER,2011,JAN,NO HOLIDAY,SAT,NO WORKING DAY,MISTY,8.175849000000001,80.5833,10.749882000000001,0,985
2,WINTER,2011,JAN,NO HOLIDAY,SUN,NO WORKING DAY,MISTY,9.083466,69.6087,16.652113,1,801
3,WINTER,2011,JAN,NO HOLIDAY,MON,WORKING DAY,GOOD,1.229108,43.7273,16.636703,2,1349
4,WINTER,2011,JAN,NO HOLIDAY,TUE,WORKING DAY,GOOD,1.4,59.0435,10.739832,3,1562
5,WINTER,2011,JAN,NO HOLIDAY,WED,WORKING DAY,GOOD,2.666979,43.6957,12.5223,4,1600
6,WINTER,2011,JAN,NO HOLIDAY,THU,WORKING DAY,GOOD,1.604356,51.8261,6.0008684,5,1606
7,WINTER,2011,JAN,NO HOLIDAY,FRI,WORKING DAY,MISTY,1.236534,49.8696,11.304642,6,1510
8,WINTER,2011,JAN,NO HOLIDAY,SAT,NO WORKING DAY,MISTY,-0.244999999999999,53.5833,17.875868,7,959
9,WINTER,2011,JAN,NO HOLIDAY,SUN,NO WORKING DAY,GOOD,-1.498349,43.4167,24.25065,8,822
10,WINTER,2011,JAN,NO HOLIDAY,MON,WORKING DAY,GOOD,-0.910849000000001,48.2917,14.958889000000001,9,1321
11,WINTER,2011,JAN,NO HOLIDAY,TUE,WORKING DAY,MISTY,-0.0527230000000003,68.6364,8.182844000000001,10,1263
12,WINTER,2011,JAN,NO HOLIDAY,WED,WORKING DAY,GOOD,0.11816900000000001,59.9545,20.410009,11,1162
13,WINTER,2011,JAN,NO HOLIDAY,THU,WORKING DAY,GOOD,-0.244999999999999,47.0417,20.167,12,1406
14,WINTER,2011,JAN,NO HOLIDAY,FRI,WORKING DAY,GOOD,-0.43910999999999895,53.7826,8.478716,13,1421
15,WINTER,2011,JAN,NO HOLIDAY,SAT,NO WORKING DAY,MISTY,2.9666509999999997,49.875,10.583521000000001,14,1248
16,WINTER,2011,JAN,NO HOLIDAY,SUN,NO WORKING DAY,GOOD,2.8883490000000003,48.375,12.625011,15,1204
17,WINTER,2011,JAN,HOLIDAY,MON,NO WORKING DAY,MISTY,0.264151,53.75,12.999139,16,1000
18,WINTER,2011,JAN,NO HOLIDAY,TUE,WORKING DAY,MISTY,2.183349,86.1667,9.833925,17,683
19,WINTER,2011,JAN,NO HOLIDAY,WED,WORKING DAY,MISTY,5.732178,74.1739,13.957239000000001,18,1650
20,WINTER,2011,JAN,NO HOLIDAY,THU,WORKING DAY,MISTY,4.298349,53.8333,13.125568,19,1927
21,WINTER,2011,JAN,NO HOLIDAY,FRI,WORKING DAY,GOOD,0.34249999999999897,45.7083,23.667214,20,1543
22,WINTER,2011,JAN,NO HOLIDAY,SAT,NO WORKING DAY,GOOD,-5.2208712,40.0,11.521989999999999,21,981
23,WINTER,2011,JAN,NO HOLIDAY,SUN,NO WORKING DAY,GOOD,-3.4634801,43.6522,16.5222,22,986
24,WINTER,2011,JAN,NO HOLIDAY,MON,WORKING DAY,GOOD,-3.4226089,49.1739,10.60811,23,1416
25,WINTER,2011,JAN,NO HOLIDAY,TUE,WORKING DAY,MISTY,2.503466,61.6957,8.696332,24,1985
26,WINTER,2011,JAN,NO HOLIDAY,WED,WORKING DAY,RAIN/SNOW/STORM,2.2225,86.25,19.68795,25,506
27,WINTER,2011,JAN,NO HOLIDAY,THU,WORKING DAY,GOOD,1.165,68.75,7.627078999999999,26,431
28,WINTER,2011,JAN,NO HOLIDAY,FRI,WORKING DAY,MISTY,1.563466,79.3043,8.2611,27,1167
29,WINTER,2011,JAN,NO HOLIDAY,SAT,NO WORKING DAY,GOOD,1.236534,65.1739,9.739455,28,1098
30,WINTER,2011,JAN,NO HOLIDAY,SUN,NO WORKING DAY,GOOD,2.176534,72.2174,4.9568342,29,1096
31,WINTER,2011,JAN,NO HOLIDAY,MON,WORKING DAY,MISTY,0.49915099999999896,60.375,12.541864,30,1501
32,WINTER,2011,FEB,NO HOLIDAY,TUE,WORKING DAY,MISTY,1.032178,82.9565,3.565271,31,1360
33,WINTER,2011,FEB,NO HOLIDAY,WED,WORKING DAY,MISTY,4.22,77.5417,17.708636,32,1526
34,WINTER,2011,FEB,NO HOLIDAY,THU,WORKING DAY,GOOD,0.7869790000000011,43.7826,18.609384,33,1550
35,WINTER,2011,FEB,NO HOLIDAY,FRI,WORKING DAY,MISTY,1.9312880000000001,58.5217,8.565213,34,1708
36,WINTER,2011,FEB,NO HOLIDAY,SAT,NO WORKING DAY,MISTY,2.9666509999999997,92.9167,10.792292999999999,35,1005
37,WINTER,2011,FEB,NO HOLIDAY,SUN,NO WORKING DAY,GOOD,5.434151,56.8333,9.5006,36,1623
38,WINTER,2011,FEB,NO HOLIDAY,MON,WORKING DAY,GOOD,4.768349,73.8333,3.0423561,37,1712
39,WINTER,2011,FEB,NO HOLIDAY,TUE,WORKING DAY,GOOD,2.379151,53.7917,24.25065,38,1530
40,WINTER,2011,FEB,NO HOLIDAY,WED,WORKING DAY,MISTY,-1.665199,49.4783,12.652213,39,1605
41,WINTER,2011,FEB,NO HOLIDAY,THU,WORKING DAY,GOOD,-1.215644,43.7391,14.869645000000002,40,1538
42,WINTER,2011,FEB,NO HOLIDAY,FRI,WORKING DAY,GOOD,0.8872770000000011,50.6364,7.27285,41,1746
43,WINTER,2011,FEB,NO HOLIDAY,SAT,NO WORKING DAY,GOOD,2.4575,54.4167,13.625589000000002,42,1472
44,WINTER,2011,FEB,NO HOLIDAY,SUN,NO WORKING DAY,GOOD,6.8765339999999995,45.7391,17.479160999999998,43,1589
45,WINTER,2011,FEB,NO HOLIDAY,MON,WORKING DAY,GOOD,11.505,37.5833,27.999836,44,1913
46,WINTER,2011,FEB,NO HOLIDAY,TUE,WORKING DAY,GOOD,4.506089,31.4348,19.522057999999998,45,1815
47,WINTER,2011,FEB,NO HOLIDAY,WED,WORKING DAY,GOOD,6.958267,42.3478,16.869997,46,2115
48,WINTER,2011,FEB,NO HOLIDAY,THU,WORKING DAY,GOOD,12.484150999999999,50.5,15.416967999999999,47,2475
49,WINTER,2011,FEB,NO HOLIDAY,FRI,WORKING DAY,GOOD,16.518349,51.6667,17.749975,48,2927
50,WINTER,2011,FEB,NO HOLIDAY,SAT,NO WORKING DAY,GOOD,10.760849,18.7917,34.000021000000004,49,1635
51,WINTER,2011,FEB,NO HOLIDAY,SUN,NO WORKING DAY,GOOD,5.405199,40.7826,14.956745000000002,50,1812
52,WINTER,2011,FEB,HOLIDAY,MON,NO WORKING DAY,MISTY,6.256651000000001,60.5,20.625682,51,1107
53,WINTER,2011,FEB,NO HOLIDAY,TUE,WORKING DAY,GOOD,0.564434,57.7778,13.110760999999998,52,1450
54,WINTER,2011,FEB,NO HOLIDAY,WED,WORKING DAY,GOOD,2.421733,42.3043,6.305571,53,1917
55,WINTER,2011,FEB,NO HOLIDAY,THU,WORKING DAY,MISTY,5.895644,69.7391,16.783232,54,1807
56,WINTER,2011,FEB,NO HOLIDAY,FRI,WORKING DAY,MISTY,9.124356,71.2174,23.218113,55,1461
57,WINTER,2011,FEB,NO HOLIDAY,SAT,NO WORKING DAY,GOOD,5.2775,53.7917,12.500257000000001,56,1969
58,WINTER,2011,FEB,NO HOLIDAY,SUN,NO WORKING DAY,GOOD,8.143466,68.0,8.391616,57,2402
59,WINTER,2011,FEB,NO HOLIDAY,MON,WORKING DAY,MISTY,11.141831,87.6364,19.408962,58,1446
60,WINTER,2011,MAR,NO HOLIDAY,TUE,WORKING DAY,GOOD,4.533348999999999,53.5,14.500475,59,1851
61,WINTER,2011,MAR,NO HOLIDAY,WED,WORKING DAY,GOOD,7.745,44.9583,20.624810999999998,60,2134
62,WINTER,2011,MAR,NO HOLIDAY,THU,WORKING DAY,GOOD,1.3216510000000001,31.8333,15.125518,61,1685
63,WINTER,2011,MAR,NO HOLIDAY,FRI,WORKING DAY,MISTY,4.298349,61.0417,13.624182000000001,62,1944
64,WINTER,2011,MAR,NO HOLIDAY,SAT,NO WORKING DAY,MISTY,10.055849,78.9167,16.875357,63,2077
65,WINTER,2011,MAR,NO HOLIDAY,SUN,NO WORKING DAY,MISTY,9.696534,94.8261,23.000229,64,605
66,WINTER,2011,MAR,NO HOLIDAY,MON,WORKING DAY,GOOD,4.3017330000000005,55.1304,22.870584,65,1872
67,WINTER,2011,MAR,NO HOLIDAY,TUE,WORKING DAY,GOOD,5.7475,42.0833,8.08355,66,2133
68,WINTER,2011,MAR,NO HOLIDAY,WED,WORKING DAY,MISTY,5.904151000000001,77.5417,14.75005,67,1891
69,WINTER,2011,MAR,NO HOLIDAY,THU,WORKING DAY,RAIN/SNOW/STORM,10.287277,0.0,17.545759,68,623
70,WINTER,2011,MAR,NO HOLIDAY,FRI,WORKING DAY,MISTY,6.8765339999999995,64.9565,15.608989999999999,69,1977
71,WINTER,2011,MAR,NO HOLIDAY,SAT,NO WORKING DAY,GOOD,7.470849,59.4583,14.791925,70,2132
72,WINTER,2011,MAR,NO HOLIDAY,SUN,NO WORKING DAY,GOOD,10.064356,52.7391,18.130468,71,2417
73,WINTER,2011,MAR,NO HOLIDAY,MON,WORKING DAY,GOOD,7.285199,49.6957,9.174042,72,2046
74,WINTER,2011,MAR,NO HOLIDAY,TUE,WORKING DAY,MISTY,6.917377,65.5652,12.348703,73,2056
75,WINTER,2011,MAR,NO HOLIDAY,WED,WORKING DAY,MISTY,9.165199000000001,77.6522,13.608839000000001,74,2192
76,WINTER,2011,MAR,NO HOLIDAY,THU,WORKING DAY,GOOD,11.505,60.2917,14.041792999999998,75,2744
77,WINTER,2011,MAR,NO HOLIDAY,FRI,WORKING DAY,GOOD,17.38,52.5217,15.478139,76,3239
78,WINTER,2011,MAR,NO HOLIDAY,SAT,NO WORKING DAY,GOOD,14.2075,37.9167,24.667189,77,3117
79,WINTER,2011,MAR,NO HOLIDAY,SUN,NO WORKING DAY,GOOD,7.6275,47.375,13.917307000000001,78,2471
80,SPRING,2011,MAR,NO HOLIDAY,MON,WORKING DAY,MISTY,12.230445,73.7391,19.348461,79,2077
81,SPRING,2011,MAR,NO HOLIDAY,TUE,WORKING DAY,GOOD,12.758349,62.4583,15.12525,80,2703
82,SPRING,2011,MAR,NO HOLIDAY,WED,WORKING DAY,MISTY,8.306979,83.9565,15.695487,81,2121
83,SPRING,2011,MAR,NO HOLIDAY,THU,WORKING DAY,MISTY,5.395,80.5833,16.333729,82,1865
84,SPRING,2011,MAR,NO HOLIDAY,FRI,WORKING DAY,GOOD,4.415849,49.5,15.458575,83,2210
85,SPRING,2011,MAR,NO HOLIDAY,SAT,NO WORKING DAY,GOOD,4.4941510000000005,39.4167,14.041257,84,2496
86,SPRING,2011,MAR,NO HOLIDAY,SUN,NO WORKING DAY,MISTY,3.893021,49.3913,12.3481,85,1693
87,SPRING,2011,MAR,NO HOLIDAY,MON,WORKING DAY,GOOD,4.4243559999999995,30.2174,14.217668,86,2028
88,SPRING,2011,MAR,NO HOLIDAY,TUE,WORKING DAY,GOOD,6.2175,31.4167,15.208732000000001,87,2425
89,SPRING,2011,MAR,NO HOLIDAY,WED,WORKING DAY,MISTY,6.1,64.6667,11.583496,88,1536
90,SPRING,2011,MAR,NO HOLIDAY,THU,WORKING DAY,RAIN/SNOW/STORM,4.611651,91.8333,14.582282000000001,89,1685
91,SPRING,2011,APR,NO HOLIDAY,FRI,WORKING DAY,MISTY,6.1,68.625,17.333436,90,2227
92,SPRING,2011,APR,NO HOLIDAY,SAT,NO WORKING DAY,MISTY,6.805,65.375,13.208782000000001,91,2252
93,SPRING,2011,APR,NO HOLIDAY,SUN,NO WORKING DAY,GOOD,9.781651,48.0,12.208271,92,3249
94,SPRING,2011,APR,NO HOLIDAY,MON,WORKING DAY,GOOD,18.946651,42.625,25.833257,93,3115
95,SPRING,2011,APR,NO HOLIDAY,TUE,WORKING DAY,MISTY,11.465849,64.2083,26.000489,94,1795
96,SPRING,2011,APR,NO HOLIDAY,WED,WORKING DAY,GOOD,10.369150999999999,47.0833,17.625221,95,2808
97,SPRING,2011,APR,NO HOLIDAY,THU,WORKING DAY,GOOD,12.5625,60.2917,10.874903999999999,96,3141
98,SPRING,2011,APR,NO HOLIDAY,FRI,WORKING DAY,MISTY,7.784151,83.625,15.208464000000001,97,1471
99,SPRING,2011,APR,NO HOLIDAY,SAT,NO WORKING DAY,MISTY,8.0975,87.75,8.916561,98,2455
100,SPRING,2011,APR,NO HOLIDAY,SUN,NO WORKING DAY,MISTY,12.053349,85.75,9.833389,99,2895
101,SPRING,2011,APR,NO HOLIDAY,MON,WORKING DAY,MISTY,19.995644,71.6956,21.739758,100,3348
102,SPRING,2011,APR,NO HOLIDAY,TUE,WORKING DAY,MISTY,15.6175,73.9167,18.416892999999998,101,2034
103,SPRING,2011,APR,NO HOLIDAY,WED,WORKING DAY,MISTY,11.3875,81.9167,16.791339,102,2162
104,SPRING,2011,APR,NO HOLIDAY,THU,WORKING DAY,GOOD,13.9725,54.0417,7.4169,103,3267
105,SPRING,2011,APR,HOLIDAY,FRI,NO WORKING DAY,GOOD,12.993349,67.125,15.167125,104,3126
106,SPRING,2011,APR,NO HOLIDAY,SAT,NO WORKING DAY,RAIN/SNOW/STORM,12.249151,88.8333,22.834135999999997,105,795
107,SPRING,2011,APR,NO HOLIDAY,SUN,NO WORKING DAY,GOOD,13.463349,47.9583,20.334232,106,3744
108,SPRING,2011,APR,NO HOLIDAY,MON,WORKING DAY,GOOD,16.0875,54.25,10.958989,107,3429
109,SPRING,2011,APR,NO HOLIDAY,TUE,WORKING DAY,MISTY,15.774151000000002,66.5833,10.584057000000001,108,3204
110,SPRING,2011,APR,NO HOLIDAY,WED,WORKING DAY,GOOD,19.965,61.4167,16.208975,109,3944
111,SPRING,2011,APR,NO HOLIDAY,THU,WORKING DAY,GOOD,13.580848999999999,40.7083,21.792285999999997,110,4189
112,SPRING,2011,APR,NO HOLIDAY,FRI,WORKING DAY,MISTY,7.823349,72.9583,14.707907,111,1683
113,SPRING,2011,APR,NO HOLIDAY,SAT,NO WORKING DAY,MISTY,13.62,88.7917,15.458575,112,4036
114,SPRING,2011,APR,NO HOLIDAY,SUN,NO WORKING DAY,MISTY,19.338348999999997,81.0833,12.875725,113,4191
115,SPRING,2011,APR,NO HOLIDAY,MON,WORKING DAY,GOOD,20.513348999999998,77.6667,12.417311,114,4073
116,SPRING,2011,APR,NO HOLIDAY,TUE,WORKING DAY,GOOD,21.688349,72.9167,21.8755,115,4400
117,SPRING,2011,APR,NO HOLIDAY,WED,WORKING DAY,MISTY,21.14,83.5417,20.9174,116,3872
118,SPRING,2011,APR,NO HOLIDAY,THU,WORKING DAY,MISTY,21.0225,70.0833,21.500836,117,4058
119,SPRING,2011,APR,NO HOLIDAY,FRI,WORKING DAY,GOOD,15.97,45.7083,16.084221,118,4595
120,SPRING,2011,APR,NO HOLIDAY,SAT,NO WORKING DAY,GOOD,14.2075,50.3333,15.750025,119,5312
121,SPRING,2011,MAY,NO HOLIDAY,SUN,NO WORKING DAY,MISTY,13.228349,76.2083,7.125717999999999,120,3351
122,SPRING,2011,MAY,NO HOLIDAY,MON,WORKING DAY,MISTY,17.810848999999997,73.0,12.291418,121,4401
123,SPRING,2011,MAY,NO HOLIDAY,TUE,WORKING DAY,MISTY,20.983349,69.7083,22.958689,122,4451
124,SPRING,2011,MAY,NO HOLIDAY,WED,WORKING DAY,MISTY,11.465849,73.7083,22.042732,123,2633
125,SPRING,2011,MAY,NO HOLIDAY,THU,WORKING DAY,GOOD,13.580848999999999,44.4167,19.791264,124,4433
126,SPRING,2011,MAY,NO HOLIDAY,FRI,WORKING DAY,GOOD,14.520848999999998,59.0,15.292482000000001,125,4608
127,SPRING,2011,MAY,NO HOLIDAY,SAT,NO WORKING DAY,GOOD,16.44,54.125,10.75015,126,4714
128,SPRING,2011,MAY,NO HOLIDAY,SUN,NO WORKING DAY,GOOD,16.831651,63.1667,5.0007125,127,4333
129,SPRING,2011,MAY,NO HOLIDAY,MON,WORKING DAY,GOOD,17.0275,58.875,11.792,128,4362
130,SPRING,2011,MAY,NO HOLIDAY,TUE,WORKING DAY,GOOD,17.0275,48.9167,7.749957000000001,129,4803
131,SPRING,2011,MAY,NO HOLIDAY,WED,WORKING DAY,GOOD,17.4975,63.2917,8.083014,130,4182
132,SPRING,2011,MAY,NO HOLIDAY,THU,WORKING DAY,GOOD,17.145,74.75,12.707689,131,4864
133,SPRING,2011,MAY,NO HOLIDAY,FRI,WORKING DAY,MISTY,16.0875,86.3333,12.041575,132,4105
134,SPRING,2011,MAY,NO HOLIDAY,SAT,NO WORKING DAY,MISTY,16.479151,92.25,9.04165,133,3409
135,SPRING,2011,MAY,NO HOLIDAY,SUN,NO WORKING DAY,MISTY,18.4375,86.7083,10.249592999999999,134,4553
136,SPRING,2011,MAY,NO HOLIDAY,MON,WORKING DAY,GOOD,19.1425,78.7917,8.500357000000001,135,3958
137,SPRING,2011,MAY,NO HOLIDAY,TUE,WORKING DAY,MISTY,18.398349,83.7917,18.582718,136,4123
138,SPRING,2011,MAY,NO HOLIDAY,WED,WORKING DAY,MISTY,17.85,87.0,13.499964000000002,137,3855
139,SPRING,2011,MAY,NO HOLIDAY,THU,WORKING DAY,MISTY,16.949151,82.9583,7.250271000000001,138,4575
140,SPRING,2011,MAY,NO HOLIDAY,FRI,WORKING DAY,GOOD,17.223349,71.9583,8.375871,139,4917
141,SPRING,2011,MAY,NO HOLIDAY,SAT,NO WORKING DAY,GOOD,20.3175,62.6667,8.08355,140,5805
142,SPRING,2011,MAY,NO HOLIDAY,SUN,NO WORKING DAY,GOOD,20.395849,74.9583,9.916536,141,4660
143,SPRING,2011,MAY,NO HOLIDAY,MON,WORKING DAY,MISTY,21.688349,81.0,15.667414,142,4274
144,SPRING,2011,MAY,NO HOLIDAY,TUE,WORKING DAY,MISTY,23.02,74.0833,13.875164000000002,143,4492
145,SPRING,2011,MAY,NO HOLIDAY,WED,WORKING DAY,GOOD,23.059151,69.625,10.333611,144,4978
146,SPRING,2011,MAY,NO HOLIDAY,THU,WORKING DAY,GOOD,25.291651,67.75,13.376014000000001,145,4677
147,SPRING,2011,MAY,NO HOLIDAY,FRI,WORKING DAY,GOOD,24.038349,65.375,16.125493,146,4679
148,SPRING,2011,MAY,NO HOLIDAY,SAT,NO WORKING DAY,GOOD,22.824151,72.9583,15.416164000000002,147,4758
149,SPRING,2011,MAY,NO HOLIDAY,SUN,NO WORKING DAY,GOOD,23.3725,81.875,14.333846,148,4788
150,SPRING,2011,MAY,HOLIDAY,MON,NO WORKING DAY,GOOD,26.466651000000002,68.5,8.792075,149,4098
151,SPRING,2011,MAY,NO HOLIDAY,TUE,WORKING DAY,GOOD,28.425,63.6667,7.459042999999999,150,3982
152,SPRING,2011,JUN,NO HOLIDAY,WED,WORKING DAY,MISTY,27.915848999999998,67.7083,13.875164000000002,151,3974
153,SPRING,2011,JUN,NO HOLIDAY,THU,WORKING DAY,GOOD,25.605,30.5,19.583229,152,4968
154,SPRING,2011,JUN,NO HOLIDAY,FRI,WORKING DAY,GOOD,21.14,35.4167,16.959107,153,5312
155,SPRING,2011,JUN,NO HOLIDAY,SAT,NO WORKING DAY,GOOD,21.845,45.625,8.250514,154,5342
156,SPRING,2011,JUN,NO HOLIDAY,SUN,NO WORKING DAY,MISTY,22.471651,65.25,9.292364,155,4906
157,SPRING,2011,JUN,NO HOLIDAY,MON,WORKING DAY,GOOD,23.881651,60.0,8.167032,156,4548
158,SPRING,2011,JUN,NO HOLIDAY,TUE,WORKING DAY,GOOD,25.2525,59.7917,12.583136,157,4833
159,SPRING,2011,JUN,NO HOLIDAY,WED,WORKING DAY,GOOD,28.464151,62.2083,9.166739,158,4401
160,SPRING,2011,JUN,NO HOLIDAY,THU,WORKING DAY,MISTY,29.991651,56.8333,10.042161,159,3915
161,SPRING,2011,JUN,NO HOLIDAY,FRI,WORKING DAY,GOOD,27.485,60.5,9.417117999999999,160,4586
162,SPRING,2011,JUN,NO HOLIDAY,SAT,NO WORKING DAY,GOOD,26.075,65.4583,10.37495,161,4966
163,SPRING,2011,JUN,NO HOLIDAY,SUN,NO WORKING DAY,GOOD,24.5475,74.7917,10.958989,162,4460
164,SPRING,2011,JUN,NO HOLIDAY,MON,WORKING DAY,GOOD,21.845,49.4583,20.45845,163,5020
165,SPRING,2011,JUN,NO HOLIDAY,TUE,WORKING DAY,GOOD,20.395849,50.7083,18.041960999999997,164,4891
166,SPRING,2011,JUN,NO HOLIDAY,WED,WORKING DAY,GOOD,21.453349,47.1667,11.250103999999999,165,5180
167,SPRING,2011,JUN,NO HOLIDAY,THU,WORKING DAY,MISTY,21.531651,68.8333,13.833557,166,3767
168,SPRING,2011,JUN,NO HOLIDAY,FRI,WORKING DAY,GOOD,22.510849,73.5833,9.582942999999998,167,4844
169,SPRING,2011,JUN,NO HOLIDAY,SAT,NO WORKING DAY,GOOD,24.743349,67.0417,8.000336,168,5119
170,SPRING,2011,JUN,NO HOLIDAY,SUN,NO WORKING DAY,MISTY,24.860848999999998,66.6667,6.834,169,4744
171,SPRING,2011,JUN,NO HOLIDAY,MON,WORKING DAY,MISTY,21.845,74.625,10.416825,170,4010
172,SUMMER,2011,JUN,NO HOLIDAY,TUE,WORKING DAY,MISTY,23.999151,77.0417,11.458675,171,4835
173,SUMMER,2011,JUN,NO HOLIDAY,WED,WORKING DAY,GOOD,26.466651000000002,70.75,11.541554,172,4507
174,SUMMER,2011,JUN,NO HOLIDAY,THU,WORKING DAY,MISTY,26.231651,70.3333,15.999868,173,4790
175,SUMMER,2011,JUN,NO HOLIDAY,FRI,WORKING DAY,GOOD,26.035849,57.3333,14.875675,174,4991
176,SUMMER,2011,JUN,NO HOLIDAY,SAT,NO WORKING DAY,GOOD,24.665,48.3333,14.041257,175,5202
177,SUMMER,2011,JUN,NO HOLIDAY,SUN,NO WORKING DAY,GOOD,23.96,51.3333,6.3337311,176,5305
178,SUMMER,2011,JUN,NO HOLIDAY,MON,WORKING DAY,MISTY,24.0775,65.8333,7.2083960000000005,177,4708
179,SUMMER,2011,JUN,NO HOLIDAY,TUE,WORKING DAY,GOOD,26.975849,63.4167,9.666961,178,4648
180,SUMMER,2011,JUN,NO HOLIDAY,WED,WORKING DAY,GOOD,26.231651,49.7917,17.542007,179,5225
181,SUMMER,2011,JUN,NO HOLIDAY,THU,WORKING DAY,GOOD,24.743349,43.4167,12.415904,180,5515
182,SUMMER,2011,JUL,NO HOLIDAY,FRI,WORKING DAY,GOOD,25.9575,39.625,6.874736,181,5362
183,SUMMER,2011,JUL,NO HOLIDAY,SAT,NO WORKING DAY,GOOD,26.701651000000002,44.4583,7.709153999999999,182,5119
184,SUMMER,2011,JUL,NO HOLIDAY,SUN,NO WORKING DAY,MISTY,25.683349,68.25,15.333485999999999,183,4649
185,SUMMER,2011,JUL,HOLIDAY,MON,NO WORKING DAY,MISTY,26.153349,63.7917,5.4591064000000005,184,6043
186,SUMMER,2011,JUL,NO HOLIDAY,TUE,WORKING DAY,GOOD,27.093349,59.0417,8.459286,185,4665
187,SUMMER,2011,JUL,NO HOLIDAY,WED,WORKING DAY,GOOD,25.84,74.3333,10.042161,186,4629
188,SUMMER,2011,JUL,NO HOLIDAY,THU,WORKING DAY,GOOD,27.25,65.125,10.6664,187,4592
189,SUMMER,2011,JUL,NO HOLIDAY,FRI,WORKING DAY,MISTY,25.330849,75.7917,15.083642999999999,188,4040
190,SUMMER,2011,JUL,NO HOLIDAY,SAT,NO WORKING DAY,GOOD,26.466651000000002,60.9167,11.250103999999999,189,5336
191,SUMMER,2011,JUL,NO HOLIDAY,SUN,NO WORKING DAY,GOOD,27.1325,57.8333,12.292557,190,4881
192,SUMMER,2011,JUL,NO HOLIDAY,MON,WORKING DAY,GOOD,27.8375,63.5833,18.916579000000002,191,4086
193,SUMMER,2011,JUL,NO HOLIDAY,TUE,WORKING DAY,GOOD,29.325848999999998,55.9167,13.417017999999999,192,4258
194,SUMMER,2011,JUL,NO HOLIDAY,WED,WORKING DAY,GOOD,27.093349,63.1667,9.790911,193,4342
195,SUMMER,2011,JUL,NO HOLIDAY,THU,WORKING DAY,GOOD,23.999151,47.625,16.124689,194,5084
196,SUMMER,2011,JUL,NO HOLIDAY,FRI,WORKING DAY,GOOD,23.176651,59.125,12.249811,195,5538
197,SUMMER,2011,JUL,NO HOLIDAY,SAT,NO WORKING DAY,GOOD,24.273349,58.5,13.958914000000002,196,5923
198,SUMMER,2011,JUL,NO HOLIDAY,SUN,NO WORKING DAY,GOOD,25.800849,60.4167,16.417210999999998,197,5302
199,SUMMER,2011,JUL,NO HOLIDAY,MON,WORKING DAY,GOOD,27.093349,65.125,14.458867999999999,198,4458
200,SUMMER,2011,JUL,NO HOLIDAY,TUE,WORKING DAY,GOOD,28.503349,65.0417,8.7502,199,4541
201,SUMMER,2011,JUL,NO HOLIDAY,WED,WORKING DAY,GOOD,28.111651000000002,70.7083,7.625739,200,4332
202,SUMMER,2011,JUL,NO HOLIDAY,THU,WORKING DAY,MISTY,30.305,69.125,14.875407000000001,201,3784
203,SUMMER,2011,JUL,NO HOLIDAY,FRI,WORKING DAY,GOOD,31.871651,58.0417,8.9177,202,3387
204,SUMMER,2011,JUL,NO HOLIDAY,SAT,NO WORKING DAY,GOOD,31.910849,50.0,8.791807,203,3285
205,SUMMER,2011,JUL,NO HOLIDAY,SUN,NO WORKING DAY,GOOD,31.01,55.0833,11.334457,204,3606
206,SUMMER,2011,JUL,NO HOLIDAY,MON,WORKING DAY,GOOD,26.936651,75.7083,6.0841560999999995,205,3840
207,SUMMER,2011,JUL,NO HOLIDAY,TUE,WORKING DAY,GOOD,28.268349,54.0833,13.417285999999999,206,4590
208,SUMMER,2011,JUL,NO HOLIDAY,WED,WORKING DAY,GOOD,28.425,40.2917,12.292021,207,4656
209,SUMMER,2011,JUL,NO HOLIDAY,THU,WORKING DAY,GOOD,28.620849,58.3333,11.958093,208,4390
210,SUMMER,2011,JUL,NO HOLIDAY,FRI,WORKING DAY,GOOD,31.401651,54.25,11.667246,209,3846
211,SUMMER,2011,JUL,NO HOLIDAY,SAT,NO WORKING DAY,GOOD,29.795849,46.5833,11.291979,210,4475
212,SUMMER,2011,JUL,NO HOLIDAY,SUN,NO WORKING DAY,GOOD,29.874151,48.0833,11.042471,211,4302
213,SUMMER,2011,AUG,NO HOLIDAY,MON,WORKING DAY,GOOD,28.268349,55.0833,10.500039,212,4266
214,SUMMER,2011,AUG,NO HOLIDAY,TUE,WORKING DAY,GOOD,28.816651,49.125,13.79195,213,4845
215,SUMMER,2011,AUG,NO HOLIDAY,WED,WORKING DAY,MISTY,26.388348999999998,65.75,9.084061,214,3574
216,SUMMER,2011,AUG,NO HOLIDAY,THU,WORKING DAY,MISTY,25.37,75.75,13.20905,215,4576
217,SUMMER,2011,AUG,NO HOLIDAY,FRI,WORKING DAY,GOOD,25.409151,63.0833,12.374632,216,4866
218,SUMMER,2011,AUG,NO HOLIDAY,SAT,NO WORKING DAY,MISTY,25.683349,75.5,15.29275,217,4294
219,SUMMER,2011,AUG,NO HOLIDAY,SUN,NO WORKING DAY,GOOD,26.8975,75.2917,13.499629,218,3785
220,SUMMER,2011,AUG,NO HOLIDAY,MON,WORKING DAY,GOOD,27.955,59.2083,12.875725,219,4326
221,SUMMER,2011,AUG,NO HOLIDAY,TUE,WORKING DAY,GOOD,28.425,57.0417,10.125107,220,4602
222,SUMMER,2011,AUG,NO HOLIDAY,WED,WORKING DAY,GOOD,28.033348999999998,42.4167,13.417285999999999,221,4780
223,SUMMER,2011,AUG,NO HOLIDAY,THU,WORKING DAY,GOOD,25.7225,42.375,11.041332,222,4792
224,SUMMER,2011,AUG,NO HOLIDAY,FRI,WORKING DAY,GOOD,25.291651,41.5,8.416607,223,4905
225,SUMMER,2011,AUG,NO HOLIDAY,SAT,NO WORKING DAY,MISTY,24.234151,72.9583,14.167418,224,4150
226,SUMMER,2011,AUG,NO HOLIDAY,SUN,NO WORKING DAY,MISTY,23.803349,81.75,14.916410999999998,225,3820
227,SUMMER,2011,AUG,NO HOLIDAY,MON,WORKING DAY,GOOD,23.294151,71.2083,13.999918,226,4338
228,SUMMER,2011,AUG,NO HOLIDAY,TUE,WORKING DAY,GOOD,24.939151000000003,57.8333,15.834043,227,4725
229,SUMMER,2011,AUG,NO HOLIDAY,WED,WORKING DAY,GOOD,25.996651,57.5417,9.625689,228,4694
230,SUMMER,2011,AUG,NO HOLIDAY,THU,WORKING DAY,GOOD,25.448349,65.4583,15.624935999999998,229,3805
231,SUMMER,2011,AUG,NO HOLIDAY,FRI,WORKING DAY,MISTY,24.195,72.2917,9.333636,230,4153
232,SUMMER,2011,AUG,NO HOLIDAY,SAT,NO WORKING DAY,GOOD,24.7825,67.4167,6.999289,231,5191
233,SUMMER,2011,AUG,NO HOLIDAY,SUN,NO WORKING DAY,GOOD,25.409151,77.0,16.666518,232,3873
234,SUMMER,2011,AUG,NO HOLIDAY,MON,WORKING DAY,GOOD,24.508349,47.0,18.54225,233,4758
235,SUMMER,2011,AUG,NO HOLIDAY,TUE,WORKING DAY,GOOD,22.119151000000002,45.5417,9.833121,234,5895
236,SUMMER,2011,AUG,NO HOLIDAY,WED,WORKING DAY,GOOD,23.646651000000002,60.5,16.958236,235,5130
237,SUMMER,2011,AUG,NO HOLIDAY,THU,WORKING DAY,MISTY,24.155849,77.1667,14.125810999999999,236,3542
238,SUMMER,2011,AUG,NO HOLIDAY,FRI,WORKING DAY,GOOD,24.9,76.125,5.6254875,237,4661
239,SUMMER,2011,AUG,NO HOLIDAY,SAT,NO WORKING DAY,MISTY,23.96,85.0,25.166339,238,1115
240,SUMMER,2011,AUG,NO HOLIDAY,SUN,NO WORKING DAY,GOOD,25.231773,56.1765,20.412153,239,4334
241,SUMMER,2011,AUG,NO HOLIDAY,MON,WORKING DAY,GOOD,21.923348999999998,55.4583,10.708275,240,4634
242,SUMMER,2011,AUG,NO HOLIDAY,TUE,WORKING DAY,GOOD,22.040848999999998,54.8333,8.375536,241,5204
243,SUMMER,2011,AUG,NO HOLIDAY,WED,WORKING DAY,GOOD,22.863349,59.7917,5.5833311,242,5058
244,SUMMER,2011,SEP,NO HOLIDAY,THU,WORKING DAY,GOOD,22.785,63.9167,9.500332,243,5115
245,SUMMER,2011,SEP,NO HOLIDAY,FRI,WORKING DAY,MISTY,22.236651000000002,72.7083,9.375243,244,4727
246,SUMMER,2011,SEP,NO HOLIDAY,SAT,NO WORKING DAY,GOOD,23.450848999999998,71.6667,12.416775,245,4484
247,SUMMER,2011,SEP,NO HOLIDAY,SUN,NO WORKING DAY,GOOD,25.330849,74.2083,13.833289,246,4940
248,SUMMER,2011,SEP,HOLIDAY,MON,NO WORKING DAY,MISTY,23.646651000000002,79.0417,14.250632000000001,247,3351
249,SUMMER,2011,SEP,NO HOLIDAY,TUE,WORKING DAY,RAIN/SNOW/STORM,17.38,88.6957,23.044181,248,2710
250,SUMMER,2011,SEP,NO HOLIDAY,WED,WORKING DAY,RAIN/SNOW/STORM,20.160849,91.7083,6.5003936,249,1996
251,SUMMER,2011,SEP,NO HOLIDAY,THU,WORKING DAY,RAIN/SNOW/STORM,21.793910999999998,93.9565,12.914116,250,1842
252,SUMMER,2011,SEP,NO HOLIDAY,FRI,WORKING DAY,MISTY,22.55,89.7917,8.333393,251,3544
253,SUMMER,2011,SEP,NO HOLIDAY,SAT,NO WORKING DAY,GOOD,23.02,75.375,10.291736,252,5345
254,SUMMER,2011,SEP,NO HOLIDAY,SUN,NO WORKING DAY,GOOD,22.706651,71.375,7.7086179999999995,253,5046
255,SUMMER,2011,SEP,NO HOLIDAY,MON,WORKING DAY,GOOD,22.284356,69.2174,5.957171,254,4713
256,SUMMER,2011,SEP,NO HOLIDAY,TUE,WORKING DAY,GOOD,22.589151,71.25,9.500867999999999,255,4763
257,SUMMER,2011,SEP,NO HOLIDAY,WED,WORKING DAY,GOOD,23.646651000000002,69.7083,11.2091,256,4785
258,SUMMER,2011,SEP,NO HOLIDAY,THU,WORKING DAY,MISTY,19.1425,70.9167,18.166782,257,3659
259,SUMMER,2011,SEP,NO HOLIDAY,FRI,WORKING DAY,MISTY,14.050849,59.0417,11.000261,258,4760
260,SUMMER,2011,SEP,NO HOLIDAY,SAT,NO WORKING DAY,MISTY,15.108348999999999,71.8333,12.708225,259,4511
261,SUMMER,2011,SEP,NO HOLIDAY,SUN,NO WORKING DAY,GOOD,15.8525,69.5,11.958361,260,4274
262,SUMMER,2011,SEP,NO HOLIDAY,MON,WORKING DAY,MISTY,17.810848999999997,69.0,10.166714,261,4539
263,SUMMER,2011,SEP,NO HOLIDAY,TUE,WORKING DAY,MISTY,18.398349,88.125,9.041917999999999,262,3641
264,SUMMER,2011,SEP,NO HOLIDAY,WED,WORKING DAY,MISTY,19.965,90.0,6.4590814000000005,263,4352
265,SUMMER,2011,SEP,NO HOLIDAY,THU,WORKING DAY,MISTY,21.531651,90.2083,8.584375,264,4795
266,FALL,2011,SEP,NO HOLIDAY,FRI,WORKING DAY,MISTY,20.630848999999998,97.25,5.2505689,265,2395
267,FALL,2011,SEP,NO HOLIDAY,SAT,NO WORKING DAY,MISTY,20.513348999999998,86.25,5.251681099999999,266,5423
268,FALL,2011,SEP,NO HOLIDAY,SUN,NO WORKING DAY,MISTY,21.805849,84.5,3.3754063999999997,267,5010
269,FALL,2011,SEP,NO HOLIDAY,MON,WORKING DAY,MISTY,22.510849,84.8333,7.4169,268,4630
270,FALL,2011,SEP,NO HOLIDAY,TUE,WORKING DAY,MISTY,21.923348999999998,88.5417,7.917457000000001,269,4120
271,FALL,2011,SEP,NO HOLIDAY,WED,WORKING DAY,MISTY,21.845,84.875,9.958143,270,3907
272,FALL,2011,SEP,NO HOLIDAY,THU,WORKING DAY,GOOD,20.983349,69.9167,11.583161,271,4839
273,FALL,2011,SEP,NO HOLIDAY,FRI,WORKING DAY,GOOD,18.515849,64.75,13.833825,272,5202
274,FALL,2011,OCT,NO HOLIDAY,SAT,NO WORKING DAY,MISTY,11.27,75.375,19.583832,273,2429
275,FALL,2011,OCT,NO HOLIDAY,SUN,NO WORKING DAY,MISTY,8.763349,79.1667,14.874870999999999,274,2918
276,FALL,2011,OCT,NO HOLIDAY,MON,WORKING DAY,MISTY,10.055849,76.0833,5.584168599999999,275,3570
277,FALL,2011,OCT,NO HOLIDAY,TUE,WORKING DAY,GOOD,14.755849,71.0,13.792218,276,4456
278,FALL,2011,OCT,NO HOLIDAY,WED,WORKING DAY,GOOD,17.301651,64.7917,11.87575,277,4826
279,FALL,2011,OCT,NO HOLIDAY,THU,WORKING DAY,GOOD,15.225848999999998,62.0833,9.041917999999999,278,4765
280,FALL,2011,OCT,NO HOLIDAY,FRI,WORKING DAY,GOOD,16.009151,68.4167,1.5002438999999999,279,4985
281,FALL,2011,OCT,NO HOLIDAY,SAT,NO WORKING DAY,GOOD,16.518349,70.125,3.0420814,280,5409
282,FALL,2011,OCT,NO HOLIDAY,SUN,NO WORKING DAY,GOOD,17.419151,72.75,4.25115,281,5511
283,FALL,2011,OCT,HOLIDAY,MON,NO WORKING DAY,GOOD,18.829151,73.375,2.8343814,282,5117
284,FALL,2011,OCT,NO HOLIDAY,TUE,WORKING DAY,MISTY,18.633349,80.875,9.583814,283,4563
285,FALL,2011,OCT,NO HOLIDAY,WED,WORKING DAY,RAIN/SNOW/STORM,17.536651000000003,90.625,16.62605,284,2416
286,FALL,2011,OCT,NO HOLIDAY,THU,WORKING DAY,MISTY,19.690849,89.6667,9.499728999999999,285,2913
287,FALL,2011,OCT,NO HOLIDAY,FRI,WORKING DAY,MISTY,17.889151000000002,71.625,15.000160999999999,286,3644
288,FALL,2011,OCT,NO HOLIDAY,SAT,NO WORKING DAY,GOOD,15.813348999999999,48.3333,17.291560999999998,287,5217
289,FALL,2011,OCT,NO HOLIDAY,SUN,NO WORKING DAY,GOOD,16.048348999999998,48.6667,18.875039,288,5041
290,FALL,2011,OCT,NO HOLIDAY,MON,WORKING DAY,GOOD,17.105849,57.9583,11.750392999999999,289,4570
291,FALL,2011,OCT,NO HOLIDAY,TUE,WORKING DAY,MISTY,17.0275,70.1667,7.3758289999999995,290,4748
292,FALL,2011,OCT,NO HOLIDAY,WED,WORKING DAY,RAIN/SNOW/STORM,17.461733,89.5217,16.303713000000002,291,2424
293,FALL,2011,OCT,NO HOLIDAY,THU,WORKING DAY,GOOD,14.364151000000001,63.625,28.292425,292,4195
294,FALL,2011,OCT,NO HOLIDAY,FRI,WORKING DAY,GOOD,12.0925,57.4167,14.833532,293,4304
295,FALL,2011,OCT,NO HOLIDAY,SAT,NO WORKING DAY,GOOD,11.8575,62.9167,6.2086689,294,4308
296,FALL,2011,OCT,NO HOLIDAY,SUN,NO WORKING DAY,GOOD,11.818349000000001,74.125,6.6673375,295,4381
297,FALL,2011,OCT,NO HOLIDAY,MON,WORKING DAY,GOOD,13.776651000000001,77.2083,7.959064,296,4187
298,FALL,2011,OCT,NO HOLIDAY,TUE,WORKING DAY,GOOD,14.168349,62.2917,11.166086,297,4687
299,FALL,2011,OCT,NO HOLIDAY,WED,WORKING DAY,MISTY,14.755849,72.0417,9.959014,298,3894
300,FALL,2011,OCT,NO HOLIDAY,THU,WORKING DAY,MISTY,14.09,81.2917,13.250121,299,2659
301,FALL,2011,OCT,NO HOLIDAY,FRI,WORKING DAY,MISTY,7.549150999999999,58.5833,15.375093,300,3747
302,FALL,2011,OCT,NO HOLIDAY,SAT,NO WORKING DAY,RAIN/SNOW/STORM,3.945849,88.25,23.541857,301,627
303,FALL,2011,OCT,NO HOLIDAY,SUN,NO WORKING DAY,GOOD,7.0008490000000005,62.375,11.833339,302,3331
304,FALL,2011,OCT,NO HOLIDAY,MON,WORKING DAY,GOOD,7.98,70.3333,7.12545,303,3669
305,FALL,2011,NOV,NO HOLIDAY,TUE,WORKING DAY,GOOD,10.839151,68.375,9.083257000000001,304,4068
306,FALL,2011,NOV,NO HOLIDAY,WED,WORKING DAY,GOOD,9.7425,71.875,5.5001439,305,4186
307,FALL,2011,NOV,NO HOLIDAY,THU,WORKING DAY,GOOD,11.191651,70.2083,9.166739,306,3974
308,FALL,2011,NOV,NO HOLIDAY,FRI,WORKING DAY,MISTY,10.956650999999999,62.25,18.209193,307,4046
309,FALL,2011,NOV,NO HOLIDAY,SAT,NO WORKING DAY,GOOD,7.353349000000001,51.9167,12.667154,308,3926
310,FALL,2011,NOV,NO HOLIDAY,SUN,NO WORKING DAY,GOOD,8.371651,73.4583,6.1676314,309,3649
311,FALL,2011,NOV,NO HOLIDAY,MON,WORKING DAY,GOOD,10.565,75.875,3.834075,310,4035
312,FALL,2011,NOV,NO HOLIDAY,TUE,WORKING DAY,GOOD,11.191651,72.1667,4.6255125,311,4205
313,FALL,2011,NOV,NO HOLIDAY,WED,WORKING DAY,GOOD,10.8,75.8333,4.1671186,312,4109
314,FALL,2011,NOV,NO HOLIDAY,THU,WORKING DAY,MISTY,9.86,81.3333,12.667489,313,2933
315,FALL,2011,NOV,HOLIDAY,FRI,NO WORKING DAY,GOOD,7.235849000000001,44.625,21.083225,314,3368
316,FALL,2011,NOV,NO HOLIDAY,SAT,NO WORKING DAY,GOOD,8.763349,55.2917,14.208154,315,4067
317,FALL,2011,NOV,NO HOLIDAY,SUN,NO WORKING DAY,GOOD,12.719151,45.8333,18.875307,316,3717
318,FALL,2011,NOV,NO HOLIDAY,MON,WORKING DAY,GOOD,16.91,58.7083,20.541932,317,4486
319,FALL,2011,NOV,NO HOLIDAY,TUE,WORKING DAY,MISTY,16.91,68.875,13.375410999999998,318,4195
320,FALL,2011,NOV,NO HOLIDAY,WED,WORKING DAY,RAIN/SNOW/STORM,13.463349,93.0,9.167542999999998,319,1817
321,FALL,2011,NOV,NO HOLIDAY,THU,WORKING DAY,MISTY,8.058349,57.5833,20.459254,320,3053
322,FALL,2011,NOV,NO HOLIDAY,FRI,WORKING DAY,GOOD,4.885848999999999,41.0,11.291711,321,3392
323,FALL,2011,NOV,NO HOLIDAY,SAT,NO WORKING DAY,GOOD,7.470849,50.2083,15.041232,322,3663
324,FALL,2011,NOV,NO HOLIDAY,SUN,NO WORKING DAY,MISTY,13.776651000000001,68.4583,12.45865,323,3520
325,FALL,2011,NOV,NO HOLIDAY,MON,WORKING DAY,RAIN/SNOW/STORM,13.0325,91.0,9.249618,324,2765
326,FALL,2011,NOV,NO HOLIDAY,TUE,WORKING DAY,RAIN/SNOW/STORM,11.583349,96.25,7.959064,325,1607
327,FALL,2011,NOV,NO HOLIDAY,WED,WORKING DAY,MISTY,12.719151,75.7917,22.500275,326,2566
328,FALL,2011,NOV,HOLIDAY,THU,NO WORKING DAY,GOOD,9.546650999999999,54.9167,11.209368,327,1495
329,FALL,2011,NOV,NO HOLIDAY,FRI,WORKING DAY,GOOD,9.625,64.375,6.6260186,328,2792
330,FALL,2011,NOV,NO HOLIDAY,SAT,NO WORKING DAY,GOOD,9.664150999999999,68.1667,4.584193599999999,329,3068
331,FALL,2011,NOV,NO HOLIDAY,SUN,NO WORKING DAY,GOOD,13.580848999999999,69.8333,13.999918,330,3071
332,FALL,2011,NOV,NO HOLIDAY,MON,WORKING DAY,GOOD,15.663466,74.3043,9.522174,331,3867
333,FALL,2011,NOV,NO HOLIDAY,TUE,WORKING DAY,MISTY,13.541651000000002,83.0833,17.292164,332,2914
334,FALL,2011,NOV,NO HOLIDAY,WED,WORKING DAY,GOOD,7.275,61.3333,18.167586,333,3613
335,FALL,2011,DEC,NO HOLIDAY,THU,WORKING DAY,GOOD,6.6875,52.4583,14.750585999999998,334,3727
336,FALL,2011,DEC,NO HOLIDAY,FRI,WORKING DAY,GOOD,6.765849,62.5833,6.750518,335,3940
337,FALL,2011,DEC,NO HOLIDAY,SAT,NO WORKING DAY,GOOD,6.060849,61.2917,6.4174811,336,3614
338,FALL,2011,DEC,NO HOLIDAY,SUN,NO WORKING DAY,GOOD,7.549150999999999,77.5833,5.6252061,337,3485
339,FALL,2011,DEC,NO HOLIDAY,MON,WORKING DAY,MISTY,10.134151,82.7083,4.1679561000000005,338,3811
340,FALL,2011,DEC,NO HOLIDAY,TUE,WORKING DAY,RAIN/SNOW/STORM,13.7375,94.9583,15.583060999999999,339,2594
341,FALL,2011,DEC,NO HOLIDAY,WED,WORKING DAY,RAIN/SNOW/STORM,11.27,97.0417,17.833725,340,705
342,FALL,2011,DEC,NO HOLIDAY,THU,WORKING DAY,GOOD,4.4941510000000005,58.0,16.083886,341,3322
343,FALL,2011,DEC,NO HOLIDAY,FRI,WORKING DAY,GOOD,5.669151,69.5833,5.5420189,342,3620
344,FALL,2011,DEC,NO HOLIDAY,SAT,NO WORKING DAY,GOOD,4.925,50.75,15.625807,343,3190
345,FALL,2011,DEC,NO HOLIDAY,SUN,NO WORKING DAY,GOOD,2.379151,49.0,4.4582939,344,2743
346,FALL,2011,DEC,NO HOLIDAY,MON,WORKING DAY,GOOD,3.201651,67.0833,4.25115,345,3310
347,FALL,2011,DEC,NO HOLIDAY,TUE,WORKING DAY,GOOD,5.2775,59.0,9.41685,346,3523
348,FALL,2011,DEC,NO HOLIDAY,WED,WORKING DAY,MISTY,6.9225,66.375,4.0842061,347,3740
349,FALL,2011,DEC,NO HOLIDAY,THU,WORKING DAY,MISTY,11.8575,63.4167,17.958814,348,3709
350,FALL,2011,DEC,NO HOLIDAY,FRI,WORKING DAY,MISTY,9.625,50.0417,17.458525,349,3577
351,FALL,2011,DEC,NO HOLIDAY,SAT,NO WORKING DAY,MISTY,4.141651,56.0833,16.292189,350,2739
352,FALL,2011,DEC,NO HOLIDAY,SUN,NO WORKING DAY,GOOD,3.201651,58.625,11.375193,351,2431
353,FALL,2011,DEC,NO HOLIDAY,MON,WORKING DAY,GOOD,5.003349,63.75,11.584032,352,3403
354,FALL,2011,DEC,NO HOLIDAY,TUE,WORKING DAY,MISTY,10.134151,59.5417,4.1252436,353,3750
355,WINTER,2011,DEC,NO HOLIDAY,WED,WORKING DAY,MISTY,12.131651,85.8333,14.8338,354,2660
356,WINTER,2011,DEC,NO HOLIDAY,THU,WORKING DAY,MISTY,11.896651,75.75,3.167425,355,3068
357,WINTER,2011,DEC,NO HOLIDAY,FRI,WORKING DAY,GOOD,9.546650999999999,68.625,18.374482,356,2209
358,WINTER,2011,DEC,NO HOLIDAY,SAT,NO WORKING DAY,GOOD,6.2175,54.25,12.750368,357,1011
359,WINTER,2011,DEC,NO HOLIDAY,SUN,NO WORKING DAY,GOOD,4.914801000000001,68.1304,10.391097,358,754
360,WINTER,2011,DEC,HOLIDAY,MON,NO WORKING DAY,GOOD,7.121733,50.6957,16.044155,359,1317
361,WINTER,2011,DEC,NO HOLIDAY,TUE,WORKING DAY,MISTY,7.275,76.25,12.62615,360,1162
362,WINTER,2011,DEC,NO HOLIDAY,WED,WORKING DAY,GOOD,6.0591099999999996,50.3913,19.695387,361,2302
363,WINTER,2011,DEC,NO HOLIDAY,THU,WORKING DAY,GOOD,3.671651,57.4167,8.000604,362,2423
364,WINTER,2011,DEC,NO HOLIDAY,FRI,WORKING DAY,GOOD,6.6483490000000005,63.6667,9.000579,363,2999
365,WINTER,2011,DEC,NO HOLIDAY,SAT,NO WORKING DAY,GOOD,11.27,61.5833,14.750318,364,2485
366,WINTER,2012,JAN,NO HOLIDAY,SUN,NO WORKING DAY,GOOD,9.39,69.25,12.875189,365,2294
367,WINTER,2012,JAN,HOLIDAY,MON,NO WORKING DAY,GOOD,4.833021,38.1304,22.087555,366,1951
368,WINTER,2012,JAN,NO HOLIDAY,TUE,WORKING DAY,GOOD,-0.95,44.125,24.499957000000002,367,2236
369,WINTER,2012,JAN,NO HOLIDAY,WED,WORKING DAY,MISTY,-2.9475,41.4583,12.3749,368,2368
370,WINTER,2012,JAN,NO HOLIDAY,THU,WORKING DAY,GOOD,4.4941510000000005,52.4167,8.709128999999999,369,3272
371,WINTER,2012,JAN,NO HOLIDAY,FRI,WORKING DAY,GOOD,7.705849000000001,54.2083,11.249836,370,4098
372,WINTER,2012,JAN,NO HOLIDAY,SAT,NO WORKING DAY,GOOD,10.486651,53.1667,11.708786,371,4521
373,WINTER,2012,JAN,NO HOLIDAY,SUN,NO WORKING DAY,GOOD,7.8625,46.5,12.833314,372,3425
374,WINTER,2012,JAN,NO HOLIDAY,MON,WORKING DAY,MISTY,2.5358490000000002,70.1667,6.6263,373,2376
375,WINTER,2012,JAN,NO HOLIDAY,TUE,WORKING DAY,GOOD,6.508712,64.6522,12.565984,374,3598
376,WINTER,2012,JAN,NO HOLIDAY,WED,WORKING DAY,MISTY,4.885848999999999,84.75,8.791807,375,2177
377,WINTER,2012,JAN,NO HOLIDAY,THU,WORKING DAY,MISTY,9.9775,80.2917,12.124789,376,4097
378,WINTER,2012,JAN,NO HOLIDAY,FRI,WORKING DAY,GOOD,4.885848999999999,50.75,25.333236,377,3214
379,WINTER,2012,JAN,NO HOLIDAY,SAT,NO WORKING DAY,GOOD,0.45999999999999897,45.75,12.541261,378,2493
380,WINTER,2012,JAN,NO HOLIDAY,SUN,NO WORKING DAY,GOOD,-0.166651,41.9167,16.834286,379,2311
381,WINTER,2012,JAN,HOLIDAY,MON,NO WORKING DAY,GOOD,0.93,52.25,15.500986,380,2298
382,WINTER,2012,JAN,NO HOLIDAY,TUE,WORKING DAY,MISTY,9.533021000000002,71.6087,23.39171,381,2935
383,WINTER,2012,JAN,NO HOLIDAY,WED,WORKING DAY,GOOD,6.256651000000001,44.3333,27.833743,382,3376
384,WINTER,2012,JAN,NO HOLIDAY,THU,WORKING DAY,GOOD,0.93,49.75,14.750585999999998,383,3292
385,WINTER,2012,JAN,NO HOLIDAY,FRI,WORKING DAY,MISTY,2.2225,45.0,13.58425,384,3163
386,WINTER,2012,JAN,NO HOLIDAY,SAT,NO WORKING DAY,MISTY,0.146650999999999,83.125,14.917014000000002,385,1301
387,WINTER,2012,JAN,NO HOLIDAY,SUN,NO WORKING DAY,MISTY,-0.3625,79.625,13.375746,386,1977
388,WINTER,2012,JAN,NO HOLIDAY,MON,WORKING DAY,MISTY,2.2616509999999996,91.125,7.417436,387,2432
389,WINTER,2012,JAN,NO HOLIDAY,TUE,WORKING DAY,GOOD,8.0975,83.5833,8.292389,388,4339
390,WINTER,2012,JAN,NO HOLIDAY,WED,WORKING DAY,GOOD,5.825849,64.375,10.791757,389,4270
391,WINTER,2012,JAN,NO HOLIDAY,THU,WORKING DAY,MISTY,8.058349,76.9583,4.917518599999999,390,4075
392,WINTER,2012,JAN,NO HOLIDAY,FRI,WORKING DAY,MISTY,11.975,74.125,22.958689,391,3456
393,WINTER,2012,JAN,NO HOLIDAY,SAT,NO WORKING DAY,GOOD,6.844150999999999,54.3333,14.125542999999999,392,4023
394,WINTER,2012,JAN,NO HOLIDAY,SUN,NO WORKING DAY,GOOD,5.2775,31.125,16.08335,393,3243
395,WINTER,2012,JAN,NO HOLIDAY,MON,WORKING DAY,GOOD,4.650849,40.0833,14.458064000000002,394,3624
396,WINTER,2012,JAN,NO HOLIDAY,TUE,WORKING DAY,GOOD,10.33,41.6667,17.541739,395,4509
397,WINTER,2012,FEB,NO HOLIDAY,WED,WORKING DAY,GOOD,14.050849,50.7917,12.667489,396,4579
398,WINTER,2012,FEB,NO HOLIDAY,THU,WORKING DAY,MISTY,10.760849,67.2917,12.541528999999999,397,3761
399,WINTER,2012,FEB,NO HOLIDAY,FRI,WORKING DAY,GOOD,6.7266509999999995,52.6667,11.959232,398,4151
400,WINTER,2012,FEB,NO HOLIDAY,SAT,NO WORKING DAY,MISTY,4.415849,77.9583,8.167032,399,2832
401,WINTER,2012,FEB,NO HOLIDAY,SUN,NO WORKING DAY,MISTY,4.4941510000000005,68.7917,11.791732000000001,400,2947
402,WINTER,2012,FEB,NO HOLIDAY,MON,WORKING DAY,GOOD,5.282623,62.2174,10.3046,401,3784
403,WINTER,2012,FEB,NO HOLIDAY,TUE,WORKING DAY,GOOD,8.645849,49.625,9.874393,402,4375
404,WINTER,2012,FEB,NO HOLIDAY,WED,WORKING DAY,MISTY,4.063349,72.2917,8.959307,403,2802
405,WINTER,2012,FEB,NO HOLIDAY,THU,WORKING DAY,GOOD,4.455,56.2083,13.000478999999999,404,3830
406,WINTER,2012,FEB,NO HOLIDAY,FRI,WORKING DAY,MISTY,5.1991510000000005,54.0,7.834242999999999,405,3831
407,WINTER,2012,FEB,NO HOLIDAY,SAT,NO WORKING DAY,RAIN/SNOW/STORM,2.5358490000000002,73.125,19.416332,406,2169
408,WINTER,2012,FEB,NO HOLIDAY,SUN,NO WORKING DAY,GOOD,-2.0075,46.4583,27.417203999999998,407,1529
409,WINTER,2012,FEB,NO HOLIDAY,MON,WORKING DAY,GOOD,2.4575,41.125,11.207961,408,3422
410,WINTER,2012,FEB,NO HOLIDAY,TUE,WORKING DAY,MISTY,7.0008490000000005,50.875,9.458993,409,3922
411,WINTER,2012,FEB,NO HOLIDAY,WED,WORKING DAY,GOOD,8.371651,53.125,12.1672,410,4169
412,WINTER,2012,FEB,NO HOLIDAY,THU,WORKING DAY,MISTY,6.883349000000001,75.2917,6.125475,411,3005
413,WINTER,2012,FEB,NO HOLIDAY,FRI,WORKING DAY,GOOD,8.136650999999999,63.4583,13.791682000000002,412,4154
414,WINTER,2012,FEB,NO HOLIDAY,SAT,NO WORKING DAY,GOOD,8.293349000000001,53.4583,12.792243,413,4318
415,WINTER,2012,FEB,NO HOLIDAY,SUN,NO WORKING DAY,MISTY,5.16,51.5833,16.958504,414,2689
416,WINTER,2012,FEB,HOLIDAY,MON,NO WORKING DAY,GOOD,5.16,50.7826,15.348560999999998,415,3129
417,WINTER,2012,FEB,NO HOLIDAY,TUE,WORKING DAY,GOOD,5.5278220000000005,59.4348,13.783039000000002,416,3777
418,WINTER,2012,FEB,NO HOLIDAY,WED,WORKING DAY,GOOD,10.604151,56.7917,15.709557,417,4773
419,WINTER,2012,FEB,NO HOLIDAY,THU,WORKING DAY,GOOD,13.345849,55.4583,12.791171,418,5062
420,WINTER,2012,FEB,NO HOLIDAY,FRI,WORKING DAY,MISTY,11.1525,73.75,15.916989000000001,419,3487
421,WINTER,2012,FEB,NO HOLIDAY,SAT,NO WORKING DAY,GOOD,5.669151,39.5833,28.250014,420,2732
422,WINTER,2012,FEB,NO HOLIDAY,SUN,NO WORKING DAY,GOOD,5.120849,41.0,13.750342999999999,421,3389
423,WINTER,2012,FEB,NO HOLIDAY,MON,WORKING DAY,GOOD,9.233349,49.0833,17.958211,422,4322
424,WINTER,2012,FEB,NO HOLIDAY,TUE,WORKING DAY,GOOD,8.880849000000001,39.5833,12.958938999999999,423,4363
425,WINTER,2012,FEB,NO HOLIDAY,WED,WORKING DAY,MISTY,8.184356,80.4783,12.000839,424,1834
426,WINTER,2012,MAR,NO HOLIDAY,THU,WORKING DAY,GOOD,14.834151,61.5417,15.208129000000001,425,4990
427,WINTER,2012,MAR,NO HOLIDAY,FRI,WORKING DAY,MISTY,8.606651,65.7083,9.708568,426,3194
428,WINTER,2012,MAR,NO HOLIDAY,SAT,NO WORKING DAY,MISTY,11.465849,62.125,10.792292999999999,427,4066
429,WINTER,2012,MAR,NO HOLIDAY,SUN,NO WORKING DAY,GOOD,7.314151,40.3333,22.416257,428,3423
430,WINTER,2012,MAR,NO HOLIDAY,MON,WORKING DAY,GOOD,3.4366510000000003,50.625,15.333485999999999,429,3333
431,WINTER,2012,MAR,NO HOLIDAY,TUE,WORKING DAY,GOOD,4.141651,45.6667,13.458625,430,3956
432,WINTER,2012,MAR,NO HOLIDAY,WED,WORKING DAY,GOOD,10.995849,51.3333,23.167193,431,4916
433,WINTER,2012,MAR,NO HOLIDAY,THU,WORKING DAY,GOOD,16.7925,56.75,29.584721000000002,432,5382
434,WINTER,2012,MAR,NO HOLIDAY,FRI,WORKING DAY,MISTY,11.309151,40.7083,27.7916,433,4569
435,WINTER,2012,MAR,NO HOLIDAY,SAT,NO WORKING DAY,GOOD,5.5125,35.0417,15.12525,434,4118
436,WINTER,2012,MAR,NO HOLIDAY,SUN,NO WORKING DAY,GOOD,9.001733,47.6957,14.913329000000001,435,4911
437,WINTER,2012,MAR,NO HOLIDAY,MON,WORKING DAY,GOOD,13.933349,48.9167,13.916770999999999,436,5298
438,WINTER,2012,MAR,NO HOLIDAY,TUE,WORKING DAY,GOOD,18.555,61.75,15.87565,437,5847
439,WINTER,2012,MAR,NO HOLIDAY,WED,WORKING DAY,GOOD,18.9075,50.7083,7.709153999999999,438,6312
440,WINTER,2012,MAR,NO HOLIDAY,THU,WORKING DAY,GOOD,18.2025,57.9583,10.042161,439,6192
441,WINTER,2012,MAR,NO HOLIDAY,FRI,WORKING DAY,MISTY,12.484150999999999,84.2083,7.583864,440,4378
442,WINTER,2012,MAR,NO HOLIDAY,SAT,NO WORKING DAY,MISTY,16.165848999999998,75.5833,7.417167999999999,441,7836
443,WINTER,2012,MAR,NO HOLIDAY,SUN,NO WORKING DAY,MISTY,14.2075,81.0,8.501161,442,5892
444,WINTER,2012,MAR,NO HOLIDAY,MON,WORKING DAY,GOOD,17.615,72.875,10.875239,443,6153
445,WINTER,2012,MAR,NO HOLIDAY,TUE,WORKING DAY,GOOD,18.359151,80.7917,8.125157000000002,444,6093
446,SPRING,2012,MAR,NO HOLIDAY,WED,WORKING DAY,MISTY,16.988349,82.125,6.000406099999999,445,6230
447,SPRING,2012,MAR,NO HOLIDAY,THU,WORKING DAY,GOOD,18.045849,83.125,7.876653999999999,446,6871
448,SPRING,2012,MAR,NO HOLIDAY,FRI,WORKING DAY,MISTY,20.278349,69.4167,7.7921,447,8362
449,SPRING,2012,MAR,NO HOLIDAY,SAT,NO WORKING DAY,MISTY,15.6175,88.5417,12.916461,448,3372
450,SPRING,2012,MAR,NO HOLIDAY,SUN,NO WORKING DAY,MISTY,12.5625,88.0833,14.791925,449,4996
451,SPRING,2012,MAR,NO HOLIDAY,MON,WORKING DAY,GOOD,12.954151,47.7917,25.917007,450,5558
452,SPRING,2012,MAR,NO HOLIDAY,TUE,WORKING DAY,GOOD,7.196650999999999,29.0,12.541864,451,5102
453,SPRING,2012,MAR,NO HOLIDAY,WED,WORKING DAY,GOOD,14.755849,48.125,19.541957,452,5698
454,SPRING,2012,MAR,NO HOLIDAY,THU,WORKING DAY,GOOD,15.225848999999998,43.9167,21.41655,453,6133
455,SPRING,2012,MAR,NO HOLIDAY,FRI,WORKING DAY,MISTY,9.39,58.0833,9.250489,454,5459
456,SPRING,2012,MAR,NO HOLIDAY,SAT,NO WORKING DAY,MISTY,11.935849000000001,73.8333,16.791339,455,6235
457,SPRING,2012,APR,NO HOLIDAY,SUN,NO WORKING DAY,MISTY,12.014151,67.625,11.541889,456,6041
458,SPRING,2012,APR,NO HOLIDAY,MON,WORKING DAY,GOOD,12.393911,50.4348,20.913313,457,5936
459,SPRING,2012,APR,NO HOLIDAY,TUE,WORKING DAY,GOOD,13.933349,39.6667,6.708911,458,6772
460,SPRING,2012,APR,NO HOLIDAY,WED,WORKING DAY,GOOD,17.458349,46.9583,12.125325,459,6436
461,SPRING,2012,APR,NO HOLIDAY,THU,WORKING DAY,GOOD,12.445,37.4167,14.708442999999999,460,6457
462,SPRING,2012,APR,NO HOLIDAY,FRI,WORKING DAY,GOOD,10.956650999999999,37.7083,20.125996,461,6460
463,SPRING,2012,APR,NO HOLIDAY,SAT,NO WORKING DAY,GOOD,12.5625,25.4167,18.416357,462,6857
464,SPRING,2012,APR,NO HOLIDAY,SUN,NO WORKING DAY,GOOD,15.5,27.5833,15.583932,463,5169
465,SPRING,2012,APR,NO HOLIDAY,MON,WORKING DAY,GOOD,14.990848999999999,31.75,23.999132,464,5585
466,SPRING,2012,APR,NO HOLIDAY,TUE,WORKING DAY,GOOD,12.993349,43.5,16.708125,465,5918
467,SPRING,2012,APR,NO HOLIDAY,WED,WORKING DAY,GOOD,8.388712,46.9565,19.783358,466,4862
468,SPRING,2012,APR,NO HOLIDAY,THU,WORKING DAY,GOOD,10.6825,46.625,19.458743,467,5409
469,SPRING,2012,APR,NO HOLIDAY,FRI,WORKING DAY,GOOD,12.7975,40.8333,10.416557000000001,468,6398
470,SPRING,2012,APR,NO HOLIDAY,SAT,NO WORKING DAY,GOOD,15.265,50.2917,12.791439,469,7460
471,SPRING,2012,APR,NO HOLIDAY,SUN,NO WORKING DAY,GOOD,20.513348999999998,50.7917,15.083642999999999,470,7132
472,SPRING,2012,APR,HOLIDAY,MON,NO WORKING DAY,GOOD,23.215849,56.1667,19.083543,471,6370
473,SPRING,2012,APR,NO HOLIDAY,TUE,WORKING DAY,GOOD,20.591651000000002,39.0417,18.333143,472,6691
474,SPRING,2012,APR,NO HOLIDAY,WED,WORKING DAY,MISTY,13.776651000000001,56.9167,11.250103999999999,473,4367
475,SPRING,2012,APR,NO HOLIDAY,THU,WORKING DAY,GOOD,15.421651,61.25,4.4172564,474,6565
476,SPRING,2012,APR,NO HOLIDAY,FRI,WORKING DAY,GOOD,16.753349,69.4583,10.041357000000001,475,7290
477,SPRING,2012,APR,NO HOLIDAY,SAT,NO WORKING DAY,GOOD,18.79,68.2917,19.000329,476,6624
478,SPRING,2012,APR,NO HOLIDAY,SUN,NO WORKING DAY,RAIN/SNOW/STORM,10.643349,83.5417,23.084582,477,1027
479,SPRING,2012,APR,NO HOLIDAY,MON,WORKING DAY,MISTY,7.118349,76.6667,20.334232,478,3214
480,SPRING,2012,APR,NO HOLIDAY,TUE,WORKING DAY,GOOD,11.426651,45.4167,16.708661,479,5633
481,SPRING,2012,APR,NO HOLIDAY,WED,WORKING DAY,GOOD,14.403348999999999,42.7917,7.959064,480,6196
482,SPRING,2012,APR,NO HOLIDAY,THU,WORKING DAY,MISTY,15.421651,75.6667,11.833875,481,5026
483,SPRING,2012,APR,NO HOLIDAY,FRI,WORKING DAY,GOOD,13.5025,40.0833,23.291411,482,6233
484,SPRING,2012,APR,NO HOLIDAY,SAT,NO WORKING DAY,MISTY,9.703349000000001,48.9583,8.708325,483,4220
485,SPRING,2012,APR,NO HOLIDAY,SUN,NO WORKING DAY,GOOD,13.541651000000002,58.7083,7.832836,484,6304
486,SPRING,2012,APR,NO HOLIDAY,MON,WORKING DAY,MISTY,13.815848999999998,57.0,11.499746,485,5572
487,SPRING,2012,MAY,NO HOLIDAY,TUE,WORKING DAY,MISTY,20.826651000000002,65.9583,10.458432,486,5740
488,SPRING,2012,MAY,NO HOLIDAY,WED,WORKING DAY,GOOD,18.515849,79.7083,9.249886,487,6169
489,SPRING,2012,MAY,NO HOLIDAY,THU,WORKING DAY,MISTY,18.32,76.8333,8.957632,488,6421
490,SPRING,2012,MAY,NO HOLIDAY,FRI,WORKING DAY,GOOD,21.4925,73.5417,10.916846000000001,489,6296
491,SPRING,2012,MAY,NO HOLIDAY,SAT,NO WORKING DAY,MISTY,21.218349,75.6667,10.250464,490,6883
492,SPRING,2012,MAY,NO HOLIDAY,SUN,NO WORKING DAY,MISTY,18.4375,74.0,10.041893,491,6359
493,SPRING,2012,MAY,NO HOLIDAY,MON,WORKING DAY,MISTY,17.2625,66.4167,15.458307000000001,492,6273
494,SPRING,2012,MAY,NO HOLIDAY,TUE,WORKING DAY,MISTY,19.338348999999997,68.5833,19.833942999999998,493,5728
495,SPRING,2012,MAY,NO HOLIDAY,WED,WORKING DAY,MISTY,19.025,74.4167,14.499604000000001,494,4717
496,SPRING,2012,MAY,NO HOLIDAY,THU,WORKING DAY,GOOD,15.774151000000002,55.2083,21.042220999999998,495,6572
497,SPRING,2012,MAY,NO HOLIDAY,FRI,WORKING DAY,GOOD,17.066651,36.0417,15.874779,496,7030
498,SPRING,2012,MAY,NO HOLIDAY,SAT,NO WORKING DAY,GOOD,18.515849,48.0417,8.249911,497,7429
499,SPRING,2012,MAY,NO HOLIDAY,SUN,NO WORKING DAY,GOOD,20.7875,57.625,15.082839000000002,498,6118
500,SPRING,2012,MAY,NO HOLIDAY,MON,WORKING DAY,MISTY,18.946651,78.9583,14.250364000000001,499,2843
501,SPRING,2012,MAY,NO HOLIDAY,TUE,WORKING DAY,MISTY,20.748348999999997,79.4583,9.875264,500,5115
502,SPRING,2012,MAY,NO HOLIDAY,WED,WORKING DAY,GOOD,21.923348999999998,69.7917,8.208304,501,7424
503,SPRING,2012,MAY,NO HOLIDAY,THU,WORKING DAY,GOOD,19.886651,52.0,15.374825,502,7384
504,SPRING,2012,MAY,NO HOLIDAY,FRI,WORKING DAY,GOOD,18.515849,52.3333,9.166739,503,7639
505,SPRING,2012,MAY,NO HOLIDAY,SAT,NO WORKING DAY,GOOD,20.2,45.625,5.626325,504,8294
506,SPRING,2012,MAY,NO HOLIDAY,SUN,NO WORKING DAY,GOOD,21.179151,53.0417,17.042589000000003,505,7129
507,SPRING,2012,MAY,NO HOLIDAY,MON,WORKING DAY,MISTY,20.121651,81.125,15.624668,506,4359
508,SPRING,2012,MAY,NO HOLIDAY,TUE,WORKING DAY,MISTY,20.905,76.5833,7.917189,507,6073
509,SPRING,2012,MAY,NO HOLIDAY,WED,WORKING DAY,MISTY,21.218349,77.4583,6.834,508,5260
510,SPRING,2012,MAY,NO HOLIDAY,THU,WORKING DAY,GOOD,22.785,71.6667,11.584032,509,6770
511,SPRING,2012,MAY,NO HOLIDAY,FRI,WORKING DAY,GOOD,23.96,74.7083,9.41685,510,6734
512,SPRING,2012,MAY,NO HOLIDAY,SAT,NO WORKING DAY,GOOD,24.5475,73.25,13.332464000000002,511,6536
513,SPRING,2012,MAY,NO HOLIDAY,SUN,NO WORKING DAY,GOOD,24.43,69.7083,14.416457000000001,512,6591
514,SPRING,2012,MAY,HOLIDAY,MON,NO WORKING DAY,GOOD,25.4875,67.625,13.166907,513,6043
515,SPRING,2012,MAY,NO HOLIDAY,TUE,WORKING DAY,GOOD,25.9575,68.4583,19.7918,514,5743
516,SPRING,2012,MAY,NO HOLIDAY,WED,WORKING DAY,MISTY,22.863349,67.0,9.000043,515,6855
517,SPRING,2012,MAY,NO HOLIDAY,THU,WORKING DAY,GOOD,23.96,49.2917,13.083692999999998,516,7338
518,SPRING,2012,JUN,NO HOLIDAY,FRI,WORKING DAY,MISTY,22.745849,75.5417,15.916720999999999,517,4127
519,SPRING,2012,JUN,NO HOLIDAY,SAT,NO WORKING DAY,GOOD,19.416651,54.9167,12.499654,518,8120
520,SPRING,2012,JUN,NO HOLIDAY,SUN,NO WORKING DAY,GOOD,20.3175,49.3333,12.333829,519,7641
521,SPRING,2012,JUN,NO HOLIDAY,MON,WORKING DAY,GOOD,20.0825,48.7083,19.083810999999997,520,6998
522,SPRING,2012,JUN,NO HOLIDAY,TUE,WORKING DAY,MISTY,17.419151,61.3333,14.041525,521,7001
523,SPRING,2012,JUN,NO HOLIDAY,WED,WORKING DAY,GOOD,18.045849,61.125,5.167375,522,7055
524,SPRING,2012,JUN,NO HOLIDAY,THU,WORKING DAY,GOOD,20.3175,56.7083,10.54245,523,7494
525,SPRING,2012,JUN,NO HOLIDAY,FRI,WORKING DAY,GOOD,22.510849,46.7917,11.750661000000001,524,7736
526,SPRING,2012,JUN,NO HOLIDAY,SAT,NO WORKING DAY,GOOD,25.409151,43.7083,9.667228999999999,525,7498
527,SPRING,2012,JUN,NO HOLIDAY,SUN,NO WORKING DAY,GOOD,26.153349,53.8333,8.959307,526,6598
528,SPRING,2012,JUN,NO HOLIDAY,MON,WORKING DAY,MISTY,25.879151,58.7917,13.916770999999999,527,6664
529,SPRING,2012,JUN,NO HOLIDAY,TUE,WORKING DAY,MISTY,22.706651,83.3333,14.374582,528,4972
530,SPRING,2012,JUN,NO HOLIDAY,WED,WORKING DAY,GOOD,22.824151,58.2083,22.999693,529,7421
531,SPRING,2012,JUN,NO HOLIDAY,THU,WORKING DAY,GOOD,22.471651,56.9583,17.000110999999997,530,7363
532,SPRING,2012,JUN,NO HOLIDAY,FRI,WORKING DAY,GOOD,22.040848999999998,58.9583,11.833339,531,7665
533,SPRING,2012,JUN,NO HOLIDAY,SAT,NO WORKING DAY,GOOD,21.688349,50.4167,11.166689,532,7702
534,SPRING,2012,JUN,NO HOLIDAY,SUN,NO WORKING DAY,GOOD,19.8475,59.875,9.708568,533,6978
535,SPRING,2012,JUN,NO HOLIDAY,MON,WORKING DAY,MISTY,18.711651,77.7917,11.707982000000001,534,5099
536,SPRING,2012,JUN,NO HOLIDAY,TUE,WORKING DAY,GOOD,24.351651,69.0,9.917139,535,6825
537,SPRING,2012,JUN,NO HOLIDAY,WED,WORKING DAY,GOOD,28.7775,59.2083,7.625404,536,6211
538,SUMMER,2012,JUN,NO HOLIDAY,THU,WORKING DAY,GOOD,29.874151,56.7917,7.958728999999999,537,5905
539,SUMMER,2012,JUN,NO HOLIDAY,FRI,WORKING DAY,GOOD,28.5425,57.375,12.250414,538,5823
540,SUMMER,2012,JUN,NO HOLIDAY,SAT,NO WORKING DAY,GOOD,26.388348999999998,53.4583,12.041307000000002,539,7458
541,SUMMER,2012,JUN,NO HOLIDAY,SUN,NO WORKING DAY,GOOD,26.936651,47.9167,9.750175,540,6891
542,SUMMER,2012,JUN,NO HOLIDAY,MON,WORKING DAY,GOOD,25.644151,50.4167,20.125660999999997,541,6779
543,SUMMER,2012,JUN,NO HOLIDAY,TUE,WORKING DAY,GOOD,21.649151,37.3333,23.292014,542,7442
544,SUMMER,2012,JUN,NO HOLIDAY,WED,WORKING DAY,GOOD,24.7825,36.0,18.208925,543,7335
545,SUMMER,2012,JUN,NO HOLIDAY,THU,WORKING DAY,GOOD,27.210849,42.25,11.50055,544,6879
546,SUMMER,2012,JUN,NO HOLIDAY,FRI,WORKING DAY,GOOD,31.205849,48.875,11.082939,545,5463
547,SUMMER,2012,JUN,NO HOLIDAY,SAT,NO WORKING DAY,GOOD,27.955,60.125,10.791757,546,5687
548,SUMMER,2012,JUL,NO HOLIDAY,SUN,NO WORKING DAY,GOOD,30.344151,51.875,11.291443,547,5531
549,SUMMER,2012,JUL,NO HOLIDAY,MON,WORKING DAY,GOOD,28.738349,44.7083,13.082889,548,6227
550,SUMMER,2012,JUL,NO HOLIDAY,TUE,WORKING DAY,GOOD,28.699151,49.2083,8.457879,549,6660
551,SUMMER,2012,JUL,HOLIDAY,WED,NO WORKING DAY,GOOD,29.090849,53.875,9.04165,550,7403
552,SUMMER,2012,JUL,NO HOLIDAY,THU,WORKING DAY,GOOD,30.8925,45.7917,12.999943,551,6241
553,SUMMER,2012,JUL,NO HOLIDAY,FRI,WORKING DAY,GOOD,30.931651000000002,45.0833,9.791514,552,6207
554,SUMMER,2012,JUL,NO HOLIDAY,SAT,NO WORKING DAY,GOOD,32.498349,49.2083,10.958117999999999,553,4840
555,SUMMER,2012,JUL,NO HOLIDAY,SUN,NO WORKING DAY,GOOD,30.6575,57.375,8.417143,554,4672
556,SUMMER,2012,JUL,NO HOLIDAY,MON,WORKING DAY,MISTY,25.409151,68.3333,12.125325,555,6569
557,SUMMER,2012,JUL,NO HOLIDAY,TUE,WORKING DAY,MISTY,25.879151,66.75,10.166379,556,6290
558,SUMMER,2012,JUL,NO HOLIDAY,WED,WORKING DAY,GOOD,25.683349,63.3333,10.166111,557,7264
559,SUMMER,2012,JUL,NO HOLIDAY,THU,WORKING DAY,GOOD,25.644151,52.9583,9.833925,558,7446
560,SUMMER,2012,JUL,NO HOLIDAY,FRI,WORKING DAY,MISTY,26.388348999999998,48.5833,5.41695,559,7499
561,SUMMER,2012,JUL,NO HOLIDAY,SAT,NO WORKING DAY,MISTY,25.056651000000002,69.9167,9.626493,560,6969
562,SUMMER,2012,JUL,NO HOLIDAY,SUN,NO WORKING DAY,GOOD,27.054151,71.7917,11.166689,561,6031
563,SUMMER,2012,JUL,NO HOLIDAY,MON,WORKING DAY,GOOD,27.876651000000003,64.5,11.000529,562,6830
564,SUMMER,2012,JUL,NO HOLIDAY,TUE,WORKING DAY,GOOD,30.461651,50.5833,7.666742999999999,563,6786
565,SUMMER,2012,JUL,NO HOLIDAY,WED,WORKING DAY,GOOD,29.286651000000003,57.7083,9.208614,564,5713
566,SUMMER,2012,JUL,NO HOLIDAY,THU,WORKING DAY,GOOD,28.19,60.0417,11.083743,565,6591
567,SUMMER,2012,JUL,NO HOLIDAY,FRI,WORKING DAY,MISTY,23.294151,84.4167,14.000789000000001,566,5870
568,SUMMER,2012,JUL,NO HOLIDAY,SAT,NO WORKING DAY,RAIN/SNOW/STORM,20.004151,86.5417,14.2911,567,4459
569,SUMMER,2012,JUL,NO HOLIDAY,SUN,NO WORKING DAY,MISTY,23.3725,76.25,6.2926936,568,7410
570,SUMMER,2012,JUL,NO HOLIDAY,MON,WORKING DAY,GOOD,26.858349,69.4167,9.291761,569,6966
571,SUMMER,2012,JUL,NO HOLIDAY,TUE,WORKING DAY,GOOD,27.289151,65.5,14.167418,570,7592
572,SUMMER,2012,JUL,NO HOLIDAY,WED,WORKING DAY,GOOD,26.035849,45.0,11.0416,571,8173
573,SUMMER,2012,JUL,NO HOLIDAY,THU,WORKING DAY,GOOD,28.503349,59.6667,19.082470999999998,572,6861
574,SUMMER,2012,JUL,NO HOLIDAY,FRI,WORKING DAY,GOOD,28.738349,59.4583,10.250464,573,6904
575,SUMMER,2012,JUL,NO HOLIDAY,SAT,NO WORKING DAY,GOOD,27.524151,61.3333,10.54245,574,6685
576,SUMMER,2012,JUL,NO HOLIDAY,SUN,NO WORKING DAY,GOOD,25.918349,62.375,11.416532,575,6597
577,SUMMER,2012,JUL,NO HOLIDAY,MON,WORKING DAY,GOOD,26.349151000000003,66.875,10.292339,576,7105
578,SUMMER,2012,JUL,NO HOLIDAY,TUE,WORKING DAY,GOOD,25.526651,70.4167,11.083475,577,7216
579,SUMMER,2012,AUG,NO HOLIDAY,WED,WORKING DAY,GOOD,25.7225,67.75,9.458993,578,7580
580,SUMMER,2012,AUG,NO HOLIDAY,THU,WORKING DAY,GOOD,27.3675,65.9583,8.666718,579,7261
581,SUMMER,2012,AUG,NO HOLIDAY,FRI,WORKING DAY,MISTY,27.994151000000002,64.25,14.458064000000002,580,7175
582,SUMMER,2012,AUG,NO HOLIDAY,SAT,NO WORKING DAY,GOOD,29.286651000000003,61.3333,17.249685999999997,581,6824
583,SUMMER,2012,AUG,NO HOLIDAY,SUN,NO WORKING DAY,GOOD,28.150848999999997,65.25,19.458207,582,5464
584,SUMMER,2012,AUG,NO HOLIDAY,MON,WORKING DAY,MISTY,27.3675,65.4167,8.666718,583,7013
585,SUMMER,2012,AUG,NO HOLIDAY,TUE,WORKING DAY,MISTY,26.584151000000002,70.375,7.832836,584,7273
586,SUMMER,2012,AUG,NO HOLIDAY,WED,WORKING DAY,MISTY,27.25,67.2917,7.4169,585,7534
587,SUMMER,2012,AUG,NO HOLIDAY,THU,WORKING DAY,GOOD,27.524151,62.0417,10.4587,586,7286
588,SUMMER,2012,AUG,NO HOLIDAY,FRI,WORKING DAY,MISTY,25.644151,71.5833,16.000470999999997,587,5786
589,SUMMER,2012,AUG,NO HOLIDAY,SAT,NO WORKING DAY,MISTY,24.5475,73.2917,13.834093,588,6299
590,SUMMER,2012,AUG,NO HOLIDAY,SUN,NO WORKING DAY,GOOD,24.939151000000003,53.0417,8.208304,589,6544
591,SUMMER,2012,AUG,NO HOLIDAY,MON,WORKING DAY,GOOD,25.879151,54.5417,9.126204,590,6883
592,SUMMER,2012,AUG,NO HOLIDAY,TUE,WORKING DAY,GOOD,26.153349,68.6667,11.333586,591,6784
593,SUMMER,2012,AUG,NO HOLIDAY,WED,WORKING DAY,GOOD,25.213348999999997,61.9583,11.374657000000001,592,7347
594,SUMMER,2012,AUG,NO HOLIDAY,THU,WORKING DAY,GOOD,25.800849,51.9167,9.500332,593,7605
595,SUMMER,2012,AUG,NO HOLIDAY,FRI,WORKING DAY,GOOD,25.996651,57.0833,15.500717999999999,594,7148
596,SUMMER,2012,AUG,NO HOLIDAY,SAT,NO WORKING DAY,GOOD,23.881651,60.3333,11.917089,595,7865
597,SUMMER,2012,AUG,NO HOLIDAY,SUN,NO WORKING DAY,MISTY,21.884151,71.1667,5.79215,596,4549
598,SUMMER,2012,AUG,NO HOLIDAY,MON,WORKING DAY,MISTY,21.884151,73.4167,8.708592999999999,597,6530
599,SUMMER,2012,AUG,NO HOLIDAY,TUE,WORKING DAY,GOOD,22.510849,67.375,4.875643599999999,598,7006
600,SUMMER,2012,AUG,NO HOLIDAY,WED,WORKING DAY,GOOD,23.3725,67.7083,4.708981099999999,599,7375
601,SUMMER,2012,AUG,NO HOLIDAY,THU,WORKING DAY,GOOD,24.704151,63.5833,5.667918599999999,600,7765
602,SUMMER,2012,AUG,NO HOLIDAY,FRI,WORKING DAY,MISTY,25.0175,61.5,4.833768599999999,601,7582
603,SUMMER,2012,AUG,NO HOLIDAY,SAT,NO WORKING DAY,MISTY,23.098349,71.2917,16.375335999999997,602,6053
604,SUMMER,2012,AUG,NO HOLIDAY,SUN,NO WORKING DAY,MISTY,22.706651,84.5833,15.333485999999999,603,5255
605,SUMMER,2012,AUG,NO HOLIDAY,MON,WORKING DAY,GOOD,25.056651000000002,73.0417,8.625111,604,6917
606,SUMMER,2012,AUG,NO HOLIDAY,TUE,WORKING DAY,GOOD,26.231651,62.0,12.791975,605,7040
607,SUMMER,2012,AUG,NO HOLIDAY,WED,WORKING DAY,GOOD,24.195,55.2083,7.541653999999999,606,7697
608,SUMMER,2012,AUG,NO HOLIDAY,THU,WORKING DAY,GOOD,25.213348999999997,59.0417,5.166818900000001,607,7713
609,SUMMER,2012,AUG,NO HOLIDAY,FRI,WORKING DAY,GOOD,27.915848999999998,58.75,11.291711,608,7350
610,SUMMER,2012,SEP,NO HOLIDAY,SAT,NO WORKING DAY,MISTY,27.406651,63.8333,7.5835289999999995,609,6140
611,SUMMER,2012,SEP,NO HOLIDAY,SUN,NO WORKING DAY,MISTY,24.743349,81.5,4.2927436,610,5810
612,SUMMER,2012,SEP,HOLIDAY,MON,NO WORKING DAY,GOOD,25.2525,79.0833,10.125107,611,6034
613,SUMMER,2012,SEP,NO HOLIDAY,TUE,WORKING DAY,GOOD,26.114151,75.5,15.833507,612,6864
614,SUMMER,2012,SEP,NO HOLIDAY,WED,WORKING DAY,GOOD,26.623348999999997,74.125,12.583136,613,7112
615,SUMMER,2012,SEP,NO HOLIDAY,THU,WORKING DAY,MISTY,24.743349,81.0417,9.542207000000001,614,6203
616,SUMMER,2012,SEP,NO HOLIDAY,FRI,WORKING DAY,GOOD,25.056651000000002,73.625,11.500282,615,7504
617,SUMMER,2012,SEP,NO HOLIDAY,SAT,NO WORKING DAY,MISTY,22.980849,79.9167,18.833968,616,5976
618,SUMMER,2012,SEP,NO HOLIDAY,SUN,NO WORKING DAY,GOOD,20.67,54.75,15.041232,617,8227
619,SUMMER,2012,SEP,NO HOLIDAY,MON,WORKING DAY,GOOD,19.416651,50.375,17.333771,618,7525
620,SUMMER,2012,SEP,NO HOLIDAY,TUE,WORKING DAY,GOOD,19.1425,52.0,6.1676314,619,7767
621,SUMMER,2012,SEP,NO HOLIDAY,WED,WORKING DAY,GOOD,20.160849,57.7083,8.833682000000001,620,7870
622,SUMMER,2012,SEP,NO HOLIDAY,THU,WORKING DAY,GOOD,20.7875,63.7083,5.5422936,621,7804
623,SUMMER,2012,SEP,NO HOLIDAY,FRI,WORKING DAY,GOOD,21.766651,67.25,6.958821,622,8009
624,SUMMER,2012,SEP,NO HOLIDAY,SAT,NO WORKING DAY,GOOD,20.591651000000002,50.1667,16.583907,623,8714
625,SUMMER,2012,SEP,NO HOLIDAY,SUN,NO WORKING DAY,GOOD,19.26,57.0,6.042281099999999,624,7333
626,SUMMER,2012,SEP,NO HOLIDAY,MON,WORKING DAY,MISTY,19.299151000000002,73.4583,10.166714,625,6869
627,SUMMER,2012,SEP,NO HOLIDAY,TUE,WORKING DAY,MISTY,21.296651,87.25,23.958329,626,4073
628,SUMMER,2012,SEP,NO HOLIDAY,WED,WORKING DAY,GOOD,17.9675,53.6667,14.416725,627,7591
629,SUMMER,2012,SEP,NO HOLIDAY,THU,WORKING DAY,GOOD,17.693348999999998,61.8333,7.917189,628,7720
630,SUMMER,2012,SEP,NO HOLIDAY,FRI,WORKING DAY,GOOD,20.160849,66.875,10.333343,629,8167
631,SUMMER,2012,SEP,NO HOLIDAY,SAT,NO WORKING DAY,GOOD,22.55,64.6667,19.000061,630,8395
632,FALL,2012,SEP,NO HOLIDAY,SUN,NO WORKING DAY,GOOD,16.870849,46.7083,14.958286,631,7907
633,FALL,2012,SEP,NO HOLIDAY,MON,WORKING DAY,GOOD,16.165848999999998,49.2917,9.541068,632,7436
634,FALL,2012,SEP,NO HOLIDAY,TUE,WORKING DAY,GOOD,17.85,57.0,15.833507,633,7538
635,FALL,2012,SEP,NO HOLIDAY,WED,WORKING DAY,GOOD,21.845,63.0833,16.3748,634,7733
636,FALL,2012,SEP,NO HOLIDAY,THU,WORKING DAY,MISTY,22.55,69.0833,9.000914,635,7393
637,FALL,2012,SEP,NO HOLIDAY,FRI,WORKING DAY,MISTY,21.100849,69.0,10.999993,636,7415
638,FALL,2012,SEP,NO HOLIDAY,SAT,NO WORKING DAY,GOOD,17.4975,54.2917,15.249467999999998,637,8555
639,FALL,2012,SEP,NO HOLIDAY,SUN,NO WORKING DAY,GOOD,16.753349,58.3333,9.042186000000001,638,6889
640,FALL,2012,OCT,NO HOLIDAY,MON,WORKING DAY,MISTY,16.479151,64.9167,6.083881400000001,639,6778
641,FALL,2012,OCT,NO HOLIDAY,TUE,WORKING DAY,RAIN/SNOW/STORM,19.769151,87.1667,6.999825,640,4639
642,FALL,2012,OCT,NO HOLIDAY,WED,WORKING DAY,MISTY,22.9025,79.375,4.4585685999999995,641,7572
643,FALL,2012,OCT,NO HOLIDAY,THU,WORKING DAY,MISTY,22.9025,72.2917,7.8755820000000005,642,7328
644,FALL,2012,OCT,NO HOLIDAY,FRI,WORKING DAY,GOOD,20.905,62.75,7.12545,643,8156
645,FALL,2012,OCT,NO HOLIDAY,SAT,NO WORKING DAY,GOOD,18.045849,66.4167,17.957675,644,7965
646,FALL,2012,OCT,NO HOLIDAY,SUN,NO WORKING DAY,MISTY,11.544151,70.8333,9.457854,645,3510
647,FALL,2012,OCT,HOLIDAY,MON,NO WORKING DAY,MISTY,10.016651,70.9583,12.708492999999999,646,5478
648,FALL,2012,OCT,NO HOLIDAY,TUE,WORKING DAY,MISTY,12.993349,76.1667,12.7501,647,6392
649,FALL,2012,OCT,NO HOLIDAY,WED,WORKING DAY,GOOD,16.165848999999998,63.0833,12.584007000000001,648,7691
650,FALL,2012,OCT,NO HOLIDAY,THU,WORKING DAY,GOOD,12.445,46.3333,12.166932000000001,649,7570
651,FALL,2012,OCT,NO HOLIDAY,FRI,WORKING DAY,GOOD,12.5625,53.9167,15.751164000000001,650,7282
652,FALL,2012,OCT,NO HOLIDAY,SAT,NO WORKING DAY,GOOD,10.486651,49.4583,9.791514,651,7109
653,FALL,2012,OCT,NO HOLIDAY,SUN,NO WORKING DAY,GOOD,16.518349,64.0417,18.667004000000002,652,6639
654,FALL,2012,OCT,NO HOLIDAY,MON,WORKING DAY,MISTY,18.398349,70.75,19.834479,653,5875
655,FALL,2012,OCT,NO HOLIDAY,TUE,WORKING DAY,GOOD,14.011651,55.8333,12.208807,654,7534
656,FALL,2012,OCT,NO HOLIDAY,WED,WORKING DAY,GOOD,13.424151,69.2917,6.791857,655,7461
657,FALL,2012,OCT,NO HOLIDAY,THU,WORKING DAY,MISTY,16.5575,72.8333,15.874779,656,7509
658,FALL,2012,OCT,NO HOLIDAY,FRI,WORKING DAY,MISTY,18.476651,81.5,9.041917999999999,657,5424
659,FALL,2012,OCT,NO HOLIDAY,SAT,NO WORKING DAY,GOOD,14.755849,57.2917,7.874979,658,8090
660,FALL,2012,OCT,NO HOLIDAY,SUN,NO WORKING DAY,GOOD,13.815848999999998,51.0,11.125618,659,6824
661,FALL,2012,OCT,NO HOLIDAY,MON,WORKING DAY,GOOD,14.9125,56.8333,5.459381099999999,660,7058
662,FALL,2012,OCT,NO HOLIDAY,TUE,WORKING DAY,GOOD,17.575848999999998,64.1667,6.334568599999999,661,7466
663,FALL,2012,OCT,NO HOLIDAY,WED,WORKING DAY,GOOD,19.6125,63.625,4.876206400000001,662,7693
664,FALL,2012,OCT,NO HOLIDAY,THU,WORKING DAY,MISTY,17.85,80.0417,8.333125,663,7359
665,FALL,2012,OCT,NO HOLIDAY,FRI,WORKING DAY,MISTY,17.654151000000002,80.7083,8.875289,664,7444
666,FALL,2012,OCT,NO HOLIDAY,SAT,NO WORKING DAY,MISTY,16.91,72.0,15.791364000000002,665,7852
667,FALL,2012,OCT,NO HOLIDAY,SUN,NO WORKING DAY,MISTY,14.4425,69.4583,26.666535999999997,666,4459
668,FALL,2012,OCT,NO HOLIDAY,MON,WORKING DAY,RAIN/SNOW/STORM,12.68,88.0,23.9994,667,22
669,FALL,2012,OCT,NO HOLIDAY,TUE,WORKING DAY,MISTY,6.954553999999999,82.5455,14.271603,668,1096
670,FALL,2012,OCT,NO HOLIDAY,WED,WORKING DAY,MISTY,8.8025,66.6667,11.166689,669,5566
671,FALL,2012,NOV,NO HOLIDAY,THU,WORKING DAY,MISTY,9.194151,58.1667,10.542182,670,5986
672,FALL,2012,NOV,NO HOLIDAY,FRI,WORKING DAY,GOOD,8.685,52.2083,17.833725,671,5847
673,FALL,2012,NOV,NO HOLIDAY,SAT,NO WORKING DAY,MISTY,8.136650999999999,49.125,18.125443,672,5138
674,FALL,2012,NOV,NO HOLIDAY,SUN,NO WORKING DAY,GOOD,7.314151,53.2917,12.000236,673,5107
675,FALL,2012,NOV,NO HOLIDAY,MON,WORKING DAY,GOOD,7.0008490000000005,49.4167,15.833775,674,5259
676,FALL,2012,NOV,NO HOLIDAY,TUE,WORKING DAY,GOOD,5.1991510000000005,56.7083,11.625371000000001,675,5686
677,FALL,2012,NOV,NO HOLIDAY,WED,WORKING DAY,MISTY,5.904151000000001,54.75,20.375235999999997,676,5035
678,FALL,2012,NOV,NO HOLIDAY,THU,WORKING DAY,GOOD,8.552178,33.3478,23.304945,677,5315
679,FALL,2012,NOV,NO HOLIDAY,FRI,WORKING DAY,GOOD,8.998349000000001,54.0833,14.375385999999999,678,5992
680,FALL,2012,NOV,NO HOLIDAY,SAT,NO WORKING DAY,GOOD,10.290849,64.5417,3.8756686,679,6536
681,FALL,2012,NOV,NO HOLIDAY,SUN,NO WORKING DAY,GOOD,11.779150999999999,65.9167,8.5425,680,6852
682,FALL,2012,NOV,HOLIDAY,MON,NO WORKING DAY,GOOD,14.795,74.1667,11.625639,681,6269
683,FALL,2012,NOV,NO HOLIDAY,TUE,WORKING DAY,MISTY,8.136650999999999,66.2917,22.917082,682,4094
684,FALL,2012,NOV,NO HOLIDAY,WED,WORKING DAY,GOOD,5.5908489999999995,55.2083,13.374875,683,5495
685,FALL,2012,NOV,NO HOLIDAY,THU,WORKING DAY,MISTY,7.118349,62.0417,10.250129,684,5445
686,FALL,2012,NOV,NO HOLIDAY,FRI,WORKING DAY,GOOD,8.215,52.4583,11.458675,685,5698
687,FALL,2012,NOV,NO HOLIDAY,SAT,NO WORKING DAY,GOOD,7.275,54.5417,12.041843,686,5629
688,FALL,2012,NOV,NO HOLIDAY,SUN,NO WORKING DAY,GOOD,8.0975,69.2917,15.250004,687,4669
689,FALL,2012,NOV,NO HOLIDAY,MON,WORKING DAY,MISTY,9.899151,62.3333,15.749489,688,5499
690,FALL,2012,NOV,NO HOLIDAY,TUE,WORKING DAY,MISTY,9.585849000000001,68.5,5.542575,689,5634
691,FALL,2012,NOV,NO HOLIDAY,WED,WORKING DAY,GOOD,8.606651,61.375,6.917482000000001,690,5146
692,FALL,2012,NOV,HOLIDAY,THU,NO WORKING DAY,GOOD,7.98,58.0417,3.5423436,691,2425
693,FALL,2012,NOV,NO HOLIDAY,FRI,WORKING DAY,GOOD,9.311651,56.875,9.917407,692,3910
694,FALL,2012,NOV,NO HOLIDAY,SAT,NO WORKING DAY,GOOD,5.081651,40.4583,25.250357,693,2277
695,FALL,2012,NOV,NO HOLIDAY,SUN,NO WORKING DAY,GOOD,3.554151,46.8333,10.0835,694,2424
696,FALL,2012,NOV,NO HOLIDAY,MON,WORKING DAY,GOOD,6.7266509999999995,53.5417,3.12555,695,5087
697,FALL,2012,NOV,NO HOLIDAY,TUE,WORKING DAY,MISTY,5.708349,78.6667,15.916654000000001,696,3959
698,FALL,2012,NOV,NO HOLIDAY,WED,WORKING DAY,GOOD,5.9433489999999995,50.625,14.125007,697,5260
699,FALL,2012,NOV,NO HOLIDAY,THU,WORKING DAY,GOOD,5.20089,55.5652,7.739974,698,5323
700,FALL,2012,NOV,NO HOLIDAY,FRI,WORKING DAY,GOOD,6.021651,64.9583,3.9175436,699,5668
701,FALL,2012,DEC,NO HOLIDAY,SAT,NO WORKING DAY,MISTY,6.021651,80.6667,4.0001814,700,5191
702,FALL,2012,DEC,NO HOLIDAY,SUN,NO WORKING DAY,MISTY,8.3325,82.3333,8.333393,701,4649
703,FALL,2012,DEC,NO HOLIDAY,MON,WORKING DAY,GOOD,13.2675,76.75,5.5422936,702,6234
704,FALL,2012,DEC,NO HOLIDAY,TUE,WORKING DAY,GOOD,14.364151000000001,73.375,11.666642999999999,703,6606
705,FALL,2012,DEC,NO HOLIDAY,WED,WORKING DAY,GOOD,12.601650999999999,48.5,21.709407000000002,704,5729
706,FALL,2012,DEC,NO HOLIDAY,THU,WORKING DAY,GOOD,4.024151,50.875,11.708518,705,5375
707,FALL,2012,DEC,NO HOLIDAY,FRI,WORKING DAY,MISTY,7.0791509999999995,76.4167,8.7502,706,5008
708,FALL,2012,DEC,NO HOLIDAY,SAT,NO WORKING DAY,MISTY,9.938349,91.125,6.792393,707,5582
709,FALL,2012,DEC,NO HOLIDAY,SUN,NO WORKING DAY,MISTY,10.055849,90.5417,10.584325,708,3228
710,FALL,2012,DEC,NO HOLIDAY,MON,WORKING DAY,MISTY,12.484150999999999,92.5,12.750636,709,5170
711,FALL,2012,DEC,NO HOLIDAY,TUE,WORKING DAY,MISTY,8.606651,59.6667,19.834479,710,5501
712,FALL,2012,DEC,NO HOLIDAY,WED,WORKING DAY,MISTY,5.9825,53.8333,10.916779,711,5319
713,FALL,2012,DEC,NO HOLIDAY,THU,WORKING DAY,GOOD,5.904151000000001,48.5833,11.666642999999999,712,5532
714,FALL,2012,DEC,NO HOLIDAY,FRI,WORKING DAY,GOOD,5.2383489999999995,64.2917,8.792342999999999,713,5611
715,FALL,2012,DEC,NO HOLIDAY,SAT,NO WORKING DAY,GOOD,7.235849000000001,65.0417,7.12545,714,5047
716,FALL,2012,DEC,NO HOLIDAY,SUN,NO WORKING DAY,MISTY,9.0375,83.875,6.749714,715,3786
717,FALL,2012,DEC,NO HOLIDAY,MON,WORKING DAY,MISTY,10.486651,90.7083,6.5833061,716,4585
718,FALL,2012,DEC,NO HOLIDAY,TUE,WORKING DAY,GOOD,11.309151,66.625,14.834067999999998,717,5557
719,FALL,2012,DEC,NO HOLIDAY,WED,WORKING DAY,GOOD,7.6275,62.5417,12.334164,718,5267
720,FALL,2012,DEC,NO HOLIDAY,THU,WORKING DAY,MISTY,7.51,66.7917,8.875021,719,4128
721,WINTER,2012,DEC,NO HOLIDAY,FRI,WORKING DAY,MISTY,7.353349000000001,55.6667,25.083661,720,3623
722,WINTER,2012,DEC,NO HOLIDAY,SAT,NO WORKING DAY,GOOD,4.4941510000000005,44.125,27.292182,721,1749
723,WINTER,2012,DEC,NO HOLIDAY,SUN,NO WORKING DAY,GOOD,3.554151,51.5417,8.916561,722,1787
724,WINTER,2012,DEC,NO HOLIDAY,MON,WORKING DAY,MISTY,2.8712880000000003,79.1304,5.1744368,723,920
725,WINTER,2012,DEC,HOLIDAY,TUE,NO WORKING DAY,MISTY,5.691288,73.4783,11.304642,724,1013
726,WINTER,2012,DEC,NO HOLIDAY,WED,WORKING DAY,RAIN/SNOW/STORM,3.4366510000000003,82.3333,21.208582,725,441
727,WINTER,2012,DEC,NO HOLIDAY,THU,WORKING DAY,MISTY,3.945849,65.2917,23.458910999999997,726,2114
728,WINTER,2012,DEC,NO HOLIDAY,FRI,WORKING DAY,MISTY,3.906651,59.0,10.416557000000001,727,3095
729,WINTER,2012,DEC,NO HOLIDAY,SAT,NO WORKING DAY,MISTY,3.906651,75.2917,8.333661,728,1341
730,WINTER,2012,DEC,NO HOLIDAY,SUN,NO WORKING DAY,GOOD,4.024151,48.3333,23.500518,729,1796
731,WINTER,2012,DEC,NO HOLIDAY,MON,WORKING DAY,MISTY,2.144151,57.75,10.374682,730,2729
